name,local-authority
aberdeen c ity,local-authority-sct:ABE
aberdeen city,local-authority-sct:ABE
aberdeen city council,local-authority-sct:ABE
aberdeen cuty,local-authority-sct:ABE
aberdeenshire,local-authority-sct:ABD
aberdeenshire council,local-authority-sct:ABD
abertawe,local-authority-wls:SWA
adur,local-authority-eng:ADD
adur district,local-authority-eng:ADD
adur district council,local-authority-eng:ADD
allerdale,local-authority-eng:ALB
allerdale borough council,local-authority-eng:ALB
allerdale district,local-authority-eng:ALB
amber valley,local-authority-eng:AMV
amber valley borough council,local-authority-eng:AMV
amber valley district,local-authority-eng:AMV
anglesey,local-authority-wls:AGY
angus,local-authority-sct:ANS
angus council,local-authority-sct:ANS
antrim,local-authority-nir:NIR-T
antrim and newtownabbey,local-authority-nir:ANN
antrim borough council,local-authority-nir:NIR-T
ards,local-authority-nir:NIR-X
ards and north down,local-authority-nir:AND
ards borough council,local-authority-nir:NIR-X
argyll and bute,local-authority-sct:AGB
argyll and bute council,local-authority-sct:AGB
armagh city,local-authority-nir:NIR-O
armagh city and district council,local-authority-nir:NIR-O
"armagh city, banbridge and craigavon",local-authority-nir:ABC
"armagh, banbridge and craigavon",local-authority-nir:ABC
arun,local-authority-eng:ARD
arun district,local-authority-eng:ARD
arun district council,local-authority-eng:ARD
ashfield,local-authority-eng:ASD
ashfield district,local-authority-eng:ASD
ashfield district council,local-authority-eng:ASD
ashford,local-authority-eng:ASB
ashford borough council,local-authority-eng:ASB
ashford district,local-authority-eng:ASB
aylesbury vale,local-authority-eng:AYV
aylesbury vale district,local-authority-eng:AYV
aylesbury vale district council,local-authority-eng:AYV
babergh,local-authority-eng:BBG
babergh district,local-authority-eng:BBG
babergh district council,local-authority-eng:BBG
ballymena,local-authority-nir:NIR-G
ballymena borough council,local-authority-nir:NIR-G
ballymoney,local-authority-nir:NIR-D
ballymoney borough council,local-authority-nir:NIR-D
banbridge,local-authority-nir:NIR-Q
banbridge district council,local-authority-nir:NIR-Q
barking and dagenham,local-authority-eng:BDG
barking and dagenham london boro,local-authority-eng:BDG
barnet,local-authority-eng:BNT
barnet london boro,local-authority-eng:BNT
barnsley,local-authority-eng:BNS
barnsley district,local-authority-eng:BNS
barnsley metropolitan borough council,local-authority-eng:BNS
barrow-in-furness,local-authority-eng:BIF
barrow-in-furness district,local-authority-eng:BIF
basildon,local-authority-eng:BAS
basildon borough council,local-authority-eng:BAS
basildon district,local-authority-eng:BAS
basingstoke and deane,local-authority-eng:BAA
basingstoke and deane borough council,local-authority-eng:BAA
basingstoke and deane district,local-authority-eng:BAA
bassetlaw,local-authority-eng:BLW
bassetlaw district,local-authority-eng:BLW
bassetlaw district council,local-authority-eng:BLW
bath and north east somerset,local-authority-eng:BNE
bath and north east somerset council,local-authority-eng:BNE
bedford,local-authority-eng:BDF
bedford borough council,local-authority-eng:BDF
belfast,local-authority-nir:BFS
belfast city,local-authority-nir:BFS
belfast city council,local-authority-nir:BFS
bexley,local-authority-eng:BEX
bexley london boro,local-authority-eng:BEX
birmingham,local-authority-eng:BIR
birmingham city council,local-authority-eng:BIR
birmingham district,local-authority-eng:BIR
blaby,local-authority-eng:BLD
blaby district,local-authority-eng:BLD
blaby district council,local-authority-eng:BLD
blackburn,local-authority-eng:BBD
blackburn with darwen,local-authority-eng:BBD
blackburn with darwen borough council,local-authority-eng:BBD
blackpool,local-authority-eng:BPL
blackpool borough council,local-authority-eng:BPL
blaenau gwent,local-authority-wls:BGW
blaenau gwent county borough council,local-authority-wls:BGW
bolsover,local-authority-eng:BOD
bolsover district,local-authority-eng:BOD
bolsover district council,local-authority-eng:BOD
bolton,local-authority-eng:BOL
bolton district,local-authority-eng:BOL
bolton metropolitan borough council,local-authority-eng:BOL
borough council of kings lynn and west norfolk,local-authority-eng:BOC
borough of barrow-in-furness,local-authority-eng:BIF
borough of broxbourne,local-authority-eng:BXB
borough of poole,local-authority-eng:POL
boston,local-authority-eng:BOB
boston borough council,local-authority-eng:BOB
boston district,local-authority-eng:BOB
bournemouth,local-authority-eng:BMH
bournemouth borough council,local-authority-eng:BMH
bracknell forest,local-authority-eng:BNF
bracknell forest council,local-authority-eng:BNF
bradford,local-authority-eng:BRD
bradford district,local-authority-eng:BRD
bradford mdc,local-authority-eng:BRD
bradford metropolitan district council,local-authority-eng:BRD
braintree,local-authority-eng:BRT
braintree district,local-authority-eng:BRT
braintree district council,local-authority-eng:BRT
breckland,local-authority-eng:BRL
breckland council,local-authority-eng:BRL
breckland district,local-authority-eng:BRL
brent,local-authority-eng:BEN
brent london boro,local-authority-eng:BEN
brentwood,local-authority-eng:BTW
brentwood borough council,local-authority-eng:BTW
brentwood district,local-authority-eng:BTW
bridgend,local-authority-wls:BGE
bridgend county borough,local-authority-wls:BGE
bridgend county borough council,local-authority-wls:BGE
brighton and hove,local-authority-eng:BNH
brighton and hove city council,local-authority-eng:BNH
bristol,local-authority-eng:BST
bristol city council,local-authority-eng:BST
bristol city of,local-authority-eng:BST
"bristol, city of",local-authority-eng:BST
bro morgannwg,local-authority-wls:VGL
broadland,local-authority-eng:BRO
broadland district,local-authority-eng:BRO
broadland district council,local-authority-eng:BRO
bromley,local-authority-eng:BRY
bromley london boro,local-authority-eng:BRY
bromsgrove,local-authority-eng:BRM
bromsgrove district,local-authority-eng:BRM
bromsgrove district council,local-authority-eng:BRM
broxbourne,local-authority-eng:BXB
broxbourne district,local-authority-eng:BXB
broxtowe,local-authority-eng:BXT
broxtowe borough council,local-authority-eng:BXT
broxtowe district,local-authority-eng:BXT
buckinghamshire,local-authority-eng:BKM
buckinghamshire county,local-authority-eng:BKM
buckinghamshire county council,local-authority-eng:BKM
burnley,local-authority-eng:BUB
burnley borough council,local-authority-eng:BUB
burnley district,local-authority-eng:BUB
bury,local-authority-eng:BUR
bury district,local-authority-eng:BUR
bury metropolitan borough council,local-authority-eng:BUR
caerdydd,local-authority-wls:CRF
caerffili,local-authority-wls:CAY
caerphilly,local-authority-wls:CAY
caerphilly county borough,local-authority-wls:CAY
caerphilly county borough council,local-authority-wls:CAY
calderdale,local-authority-eng:CLD
calderdale district,local-authority-eng:CLD
calderdale metropolitan borough council,local-authority-eng:CLD
cambridge,local-authority-eng:CCC
cambridge city,local-authority-eng:CCC
cambridge city council,local-authority-eng:CCC
cambridge district,local-authority-eng:CCC
cambridgeshire,local-authority-eng:CAM
cambridgeshire county,local-authority-eng:CAM
cambridgeshire county council,local-authority-eng:CAM
camden,local-authority-eng:CMD
camden london boro,local-authority-eng:CMD
cannock chase,local-authority-eng:CCH
cannock chase district,local-authority-eng:CCH
cannock chase district council,local-authority-eng:CCH
canterbury,local-authority-eng:CTB
canterbury city,local-authority-eng:CTB
canterbury city council,local-authority-eng:CTB
canterbury district,local-authority-eng:CTB
cardiff,local-authority-wls:CRF
carlisle,local-authority-eng:CRL
carlisle city,local-authority-eng:CRL
carlisle city council,local-authority-eng:CRL
carlisle district,local-authority-eng:CRL
carmarthenshire,local-authority-wls:CMN
carmarthenshire county council,local-authority-wls:CMN
carrickfergus,local-authority-nir:NIR-V
carrickfergus borough council,local-authority-nir:NIR-V
casnewydd,local-authority-wls:NWP
castell-nedd port talbot,local-authority-wls:NTL
castle point,local-authority-eng:CAP
castle point borough council,local-authority-eng:CAP
castle point district,local-authority-eng:CAP
castlereagh,local-authority-nir:NIR-Y
castlereagh borough council,local-authority-nir:NIR-Y
causeway coast and glens,local-authority-nir:CCG
central bedfordshire,local-authority-eng:CBF
central bedfordshire council,local-authority-eng:CBF
ceredigion,local-authority-wls:CGN
ceredigion county council,local-authority-wls:CGN
charnwood,local-authority-eng:CAW
charnwood borough council,local-authority-eng:CAW
charnwood district,local-authority-eng:CAW
chelmsford,local-authority-eng:CHC
chelmsford city council,local-authority-eng:CHC
chelmsford district,local-authority-eng:CHC
cheltenham,local-authority-eng:CHE
cheltenham borough council,local-authority-eng:CHE
cheltenham district,local-authority-eng:CHE
cherwell,local-authority-eng:CWL
cherwell district,local-authority-eng:CWL
cherwell district council,local-authority-eng:CWL
cheshire east,local-authority-eng:CEA
cheshire east council,local-authority-eng:CEA
cheshire west and chester,local-authority-eng:CWE
cheshire west and chester council,local-authority-eng:CWE
chesterfield,local-authority-eng:CSF
chesterfield borough council,local-authority-eng:CSF
chesterfield district,local-authority-eng:CSF
chichester,local-authority-eng:CHS
chichester district,local-authority-eng:CHS
chichester district council,local-authority-eng:CHS
chiltern,local-authority-eng:CTN
chiltern district,local-authority-eng:CTN
chiltern district council,local-authority-eng:CTN
chorley,local-authority-eng:CLY
chorley council,local-authority-eng:CLY
chorley district,local-authority-eng:CLY
christchurch,local-authority-eng:CRC
christchurch borough council,local-authority-eng:CRC
christchurch district,local-authority-eng:CRC
city and county of swansea council,local-authority-wls:SWA
city and county of the city of london,local-authority-eng:LND
city of aberdeen,local-authority-sct:ABE
city of brighton and hove,local-authority-eng:BNH
city of bristol,local-authority-eng:BST
city of cardiff council,local-authority-wls:CRF
city of derby,local-authority-eng:DER
city of dundee,local-authority-sct:DND
city of edinburgh,local-authority-sct:EDH
city of edinburgh council,local-authority-sct:EDH
city of glasgow,local-authority-sct:GLG
city of kingston upon hull,local-authority-eng:KHL
city of leicester,local-authority-eng:LCE
city of lincoln,local-authority-eng:CIO
city of lincoln council,local-authority-eng:CIO
city of london,local-authority-eng:LND
city of london corporation,local-authority-eng:LND
city of nottingham,local-authority-eng:NGM
city of peterborough,local-authority-eng:PTE
city of plymouth,local-authority-eng:PLY
city of portsmouth,local-authority-eng:POR
city of southampton,local-authority-eng:STH
city of stoke-on-trent,local-authority-eng:SOT
city of westminster,local-authority-eng:WSM
city of westminster london boro,local-authority-eng:WSM
city of wolverhampton,local-authority-eng:WLV
city of wolverhampton district,local-authority-eng:WLV
city of york council,local-authority-eng:YOR
clackmannan,local-authority-sct:CLK
clackmannanshire,local-authority-sct:CLK
clackmannanshire council,local-authority-sct:CLK
colchester,local-authority-eng:CST
colchester borough council,local-authority-eng:CST
colchester district,local-authority-eng:CST
coleraine,local-authority-nir:NIR-C
coleraine borough council,local-authority-nir:NIR-C
comhairle nan eilean siar,local-authority-sct:ELS
comhairle nan eilean siar (western isles),local-authority-sct:ELS
conwy,local-authority-wls:CWY
conwy county borough council,local-authority-wls:CWY
cookstown,local-authority-nir:NIR-I
cookstown district council,local-authority-nir:NIR-I
copeland,local-authority-eng:COB
copeland borough council,local-authority-eng:COB
copeland district,local-authority-eng:COB
corby,local-authority-eng:CBY
corby borough council,local-authority-eng:CBY
corby district,local-authority-eng:CBY
cornwall,local-authority-eng:CON
cornwall council,local-authority-eng:CON
cotswold,local-authority-eng:CWD
cotswold district,local-authority-eng:CWD
cotswold district council,local-authority-eng:CWD
county durham,local-authority-eng:DUR
county of herefordshire,local-authority-eng:HEF
coventry,local-authority-eng:COV
coventry city council,local-authority-eng:COV
coventry district,local-authority-eng:COV
craigavon,local-authority-nir:NIR-N
craigavon borough council,local-authority-nir:NIR-N
craven,local-authority-eng:CRD
craven district,local-authority-eng:CRD
craven district council,local-authority-eng:CRD
crawley,local-authority-eng:CRW
crawley borough council,local-authority-eng:CRW
crawley district,local-authority-eng:CRW
croydon,local-authority-eng:CRY
croydon london boro,local-authority-eng:CRY
cumbria,local-authority-eng:CMA
cumbria county,local-authority-eng:CMA
cumbria county council,local-authority-eng:CMA
dacorum,local-authority-eng:DAB
dacorum borough council,local-authority-eng:DAB
dacorum district,local-authority-eng:DAB
darlington,local-authority-eng:DAL
darlington borough council,local-authority-eng:DAL
dartford,local-authority-eng:DFD
dartford borough council,local-authority-eng:DFD
dartford district,local-authority-eng:DFD
daventry,local-authority-eng:DAD
daventry district,local-authority-eng:DAD
daventry district council,local-authority-eng:DAD
denbighshire,local-authority-wls:DEN
denbighshire county council,local-authority-wls:DEN
derby,local-authority-eng:DER
derby city,local-authority-eng:DER
derby city council,local-authority-eng:DER
derbyshire,local-authority-eng:DBY
derbyshire county,local-authority-eng:DBY
derbyshire county council,local-authority-eng:DBY
derbyshire dales,local-authority-eng:DED
derbyshire dales district,local-authority-eng:DED
derbyshire dales district council,local-authority-eng:DED
derry,local-authority-nir:NIR-A
derry and strabane,local-authority-nir:DRS
derry city and strabane,local-authority-nir:DRS
derry city council,local-authority-nir:NIR-A
devon,local-authority-eng:DEV
devon county,local-authority-eng:DEV
devon county council,local-authority-eng:DEV
doncaster,local-authority-eng:DNC
doncaster district,local-authority-eng:DNC
doncaster metropolitan borough council,local-authority-eng:DNC
dorset,local-authority-eng:DOR
dorset county,local-authority-eng:DOR
dorset county council,local-authority-eng:DOR
dover,local-authority-eng:DVR
dover district,local-authority-eng:DVR
dover district council,local-authority-eng:DVR
down,local-authority-nir:NIR-R
down district council,local-authority-nir:NIR-R
dudley,local-authority-eng:DUD
dudley district,local-authority-eng:DUD
dudley metropolitan borough council,local-authority-eng:DUD
dumfries and galloway,local-authority-sct:DGY
dumfries and galloway council,local-authority-sct:DGY
dundee city,local-authority-sct:DND
dundee city council,local-authority-sct:DND
dungannon and south tyrone,local-authority-nir:NIR-M
dungannon and south tyrone borough council,local-authority-nir:NIR-M
durham,local-authority-eng:DUR
durham county council,local-authority-eng:DUR
ealing,local-authority-eng:EAL
ealing london boro,local-authority-eng:EAL
ease dunbartonshire,local-authority-sct:EDU
east ayrshire,local-authority-sct:EAY
east ayrshire council,local-authority-sct:EAY
east cambridgeshire,local-authority-eng:EAC
east cambridgeshire district,local-authority-eng:EAC
east cambridgeshire district council,local-authority-eng:EAC
east devon,local-authority-eng:EDE
east devon district,local-authority-eng:EDE
east devon district council,local-authority-eng:EDE
east dorset,local-authority-eng:EDO
east dorset district,local-authority-eng:EDO
east dorset district council,local-authority-eng:EDO
east dunbaronshire,local-authority-sct:EDU
east dunbarton,local-authority-sct:EDU
east dunbartonshire,local-authority-sct:EDU
east dunbartonshire council,local-authority-sct:EDU
east dunnbartonshire,local-authority-sct:EDU
east hampshire,local-authority-eng:EHA
east hampshire district,local-authority-eng:EHA
east hampshire district council,local-authority-eng:EHA
east hertfordshire,local-authority-eng:EHE
east hertfordshire district,local-authority-eng:EHE
east hertfordshire district council,local-authority-eng:EHE
east lindsey,local-authority-eng:ELI
east lindsey district,local-authority-eng:ELI
east lindsey district council,local-authority-eng:ELI
east lothian,local-authority-sct:ELN
east lothian council,local-authority-sct:ELN
east northamptonshire,local-authority-eng:EAN
east northamptonshire council,local-authority-eng:EAN
east northamptonshire district,local-authority-eng:EAN
east renfrewshire,local-authority-sct:ERW
east renfrewshire council,local-authority-sct:ERW
east riding of yorkshire,local-authority-eng:ERY
east riding of yorkshire council,local-authority-eng:ERY
east staffordshire,local-authority-eng:EAS
east staffordshire borough council,local-authority-eng:EAS
east staffordshire district,local-authority-eng:EAS
east sussex,local-authority-eng:ESX
east sussex county,local-authority-eng:ESX
east sussex county council,local-authority-eng:ESX
eastbourne,local-authority-eng:EBO
eastbourne borough council,local-authority-eng:EBO
eastbourne district,local-authority-eng:EBO
eastleigh,local-authority-eng:ELG
eastleigh borough council,local-authority-eng:ELG
eastleigh district,local-authority-eng:ELG
eden,local-authority-eng:EDD
eden district,local-authority-eng:EDD
eden district council,local-authority-eng:EDD
edinburgh (city of),local-authority-sct:EDH
"edinburgh, city of",local-authority-sct:EDH
eilean,local-authority-sct:ELS
eilean siar,local-authority-sct:ELS
elmbridge,local-authority-eng:ELB
elmbridge borough council,local-authority-eng:ELB
elmbridge district,local-authority-eng:ELB
enfield,local-authority-eng:ENF
enfield london boro,local-authority-eng:ENF
epping forest,local-authority-eng:EPF
epping forest district,local-authority-eng:EPF
epping forest district council,local-authority-eng:EPF
epsom and ewell,local-authority-eng:EPA
epsom and ewell borough council,local-authority-eng:EPA
epsom and ewell district,local-authority-eng:EPA
erewash,local-authority-eng:ERB
erewash borough council,local-authority-eng:ERB
erewash district,local-authority-eng:ERB
essex,local-authority-eng:ESS
essex county,local-authority-eng:ESS
essex county council,local-authority-eng:ESS
exeter,local-authority-eng:EXC
exeter city,local-authority-eng:EXC
exeter city council,local-authority-eng:EXC
exeter district,local-authority-eng:EXC
falkirk,local-authority-sct:FAL
falkirk council,local-authority-sct:FAL
fareham,local-authority-eng:FAB
fareham borough council,local-authority-eng:FAB
fareham district,local-authority-eng:FAB
fenland,local-authority-eng:FLD
fenland district,local-authority-eng:FLD
fenland district council,local-authority-eng:FLD
fermanagh,local-authority-nir:NIR-L
fermanagh and omagh,local-authority-nir:FMO
fermanagh district council,local-authority-nir:NIR-L
fife,local-authority-sct:FIF
fife council,local-authority-sct:FIF
flintshire,local-authority-wls:FLN
flintshire county council,local-authority-wls:FLN
forest heath,local-authority-eng:FOH
forest heath district,local-authority-eng:FOH
forest heath district council,local-authority-eng:FOH
forest of dean,local-authority-eng:FOO
forest of dean district,local-authority-eng:FOO
forest of dean district council,local-authority-eng:FOO
fylde,local-authority-eng:FYB
fylde borough council,local-authority-eng:FYB
fylde district,local-authority-eng:FYB
gateshead,local-authority-eng:GAT
gateshead district,local-authority-eng:GAT
gateshead metropolitan borough council,local-authority-eng:GAT
gedling,local-authority-eng:GEB
gedling borough council,local-authority-eng:GEB
gedling district,local-authority-eng:GEB
glasgow,local-authority-sct:GLG
glasgow city,local-authority-sct:GLG
glasgow city coucil,local-authority-sct:GLG
glasgow city council,local-authority-sct:GLG
gloucester,local-authority-eng:GLC
gloucester city,local-authority-eng:GLC
gloucester city council,local-authority-eng:GLC
gloucester district,local-authority-eng:GLC
gloucestershire,local-authority-eng:GLS
gloucestershire county,local-authority-eng:GLS
gloucestershire county council,local-authority-eng:GLS
gosport,local-authority-eng:GOB
gosport borough council,local-authority-eng:GOB
gosport district,local-authority-eng:GOB
gravesham,local-authority-eng:GRB
gravesham borough council,local-authority-eng:GRB
gravesham district,local-authority-eng:GRB
great yarmouth,local-authority-eng:GRY
great yarmouth borough council,local-authority-eng:GRY
great yarmouth district,local-authority-eng:GRY
greater london,local-authority-eng:GLA
greenwich,local-authority-eng:GRE
greenwich london boro,local-authority-eng:GRE
guildford,local-authority-eng:GUB
guildford borough council,local-authority-eng:GUB
guildford district,local-authority-eng:GUB
gwynedd,local-authority-wls:GWN
gwynedd council,local-authority-wls:GWN
hackney,local-authority-eng:HCK
hackney london boro,local-authority-eng:HCK
halton,local-authority-eng:HAL
halton borough council,local-authority-eng:HAL
hambleton,local-authority-eng:HBT
hambleton district,local-authority-eng:HBT
hambleton district council,local-authority-eng:HBT
hammersmith and fulham,local-authority-eng:HMF
hammersmith and fulham london boro,local-authority-eng:HMF
hampshire,local-authority-eng:HAM
hampshire county,local-authority-eng:HAM
hampshire county council,local-authority-eng:HAM
harborough,local-authority-eng:HBG
harborough district,local-authority-eng:HBG
harborough district council,local-authority-eng:HBG
haringey,local-authority-eng:HRY
haringey london boro,local-authority-eng:HRY
harlow,local-authority-eng:HAC
harlow council,local-authority-eng:HAC
harlow district,local-authority-eng:HAC
harrogate,local-authority-eng:HGT
harrogate borough council,local-authority-eng:HGT
harrogate district,local-authority-eng:HGT
harrow,local-authority-eng:HRW
harrow london boro,local-authority-eng:HRW
hart,local-authority-eng:HAR
hart district,local-authority-eng:HAR
hart district council,local-authority-eng:HAR
hartlepool,local-authority-eng:HPL
hartlepool borough council,local-authority-eng:HPL
hastings,local-authority-eng:HST
hastings borough council,local-authority-eng:HST
hastings district,local-authority-eng:HST
havant,local-authority-eng:HVT
havant borough council,local-authority-eng:HVT
havant district,local-authority-eng:HVT
havering,local-authority-eng:HAV
havering london boro,local-authority-eng:HAV
herefordshire,local-authority-eng:HEF
herefordshire council,local-authority-eng:HEF
"herefordshire, county of",local-authority-eng:HEF
hertfordshire,local-authority-eng:HFS
hertfordshire county,local-authority-eng:HFS
hertfordshire county council,local-authority-eng:HFS
hertsmere,local-authority-eng:HEB
hertsmere borough council,local-authority-eng:HEB
hertsmere district,local-authority-eng:HEB
high peak,local-authority-eng:HIP
high peak borough council,local-authority-eng:HIP
high peak district,local-authority-eng:HIP
highands,local-authority-sct:HLD
highland,local-authority-sct:HLD
highlands,local-authority-sct:HLD
hillingdon,local-authority-eng:HIL
hillingdon london boro,local-authority-eng:HIL
hinckley and bosworth,local-authority-eng:HIA
hinckley and bosworth borough council,local-authority-eng:HIA
hinckley and bosworth district,local-authority-eng:HIA
horsham,local-authority-eng:HOD
horsham district,local-authority-eng:HOD
horsham district council,local-authority-eng:HOD
hounslow,local-authority-eng:HNS
hounslow london boro,local-authority-eng:HNS
hull city,local-authority-eng:KHL
hull city council,local-authority-eng:KHL
huntingdonshire,local-authority-eng:HUD
huntingdonshire district,local-authority-eng:HUD
huntingdonshire district council,local-authority-eng:HUD
hyndburn,local-authority-eng:HYB
hyndburn borough council,local-authority-eng:HYB
hyndburn district,local-authority-eng:HYB
inverclyde,local-authority-sct:IVC
inverclyde council,local-authority-sct:IVC
ipswich,local-authority-eng:IPB
ipswich borough council,local-authority-eng:IPB
ipswich district,local-authority-eng:IPB
isle of anglesey,local-authority-wls:AGY
isle of anglesey county council,local-authority-wls:AGY
isle of wight,local-authority-eng:IOW
isle of wight council,local-authority-eng:IOW
isles of scilly,local-authority-eng:IOS
islington,local-authority-eng:ISL
islington london boro,local-authority-eng:ISL
kensington and chelsea,local-authority-eng:KEC
kensington and chelsea london boro,local-authority-eng:KEC
kent,local-authority-eng:KEN
kent county,local-authority-eng:KEN
kent county council,local-authority-eng:KEN
kettering,local-authority-eng:KEB
kettering borough council,local-authority-eng:KEB
kettering district,local-authority-eng:KEB
king's lynn and west norfolk,local-authority-eng:BOC
king's lynn and west norfolk district,local-authority-eng:BOC
kings lynn and west norfolk,local-authority-eng:BOC
kingston upon hull,local-authority-eng:KHL
kingston upon hull city of,local-authority-eng:KHL
"kingston upon hull, city of",local-authority-eng:KHL
kingston upon thames,local-authority-eng:KTT
kingston upon thames london boro,local-authority-eng:KTT
kingston-upon-thames,local-authority-eng:KTT
kirklees,local-authority-eng:KIR
kirklees council,local-authority-eng:KIR
kirklees district,local-authority-eng:KIR
knowsley,local-authority-eng:KWL
knowsley council,local-authority-eng:KWL
knowsley district,local-authority-eng:KWL
lambeth,local-authority-eng:LBH
lambeth london boro,local-authority-eng:LBH
lancashire,local-authority-eng:LAN
lancashire county,local-authority-eng:LAN
lancashire county council,local-authority-eng:LAN
lancaster,local-authority-eng:LAC
lancaster city,local-authority-eng:LAC
lancaster city council,local-authority-eng:LAC
lancaster district,local-authority-eng:LAC
larne,local-authority-nir:NIR-F
larne borough council,local-authority-nir:NIR-F
leeds,local-authority-eng:LDS
leeds city council,local-authority-eng:LDS
leeds district,local-authority-eng:LDS
leicester,local-authority-eng:LCE
leicester city,local-authority-eng:LCE
leicester city council,local-authority-eng:LCE
leicestershire,local-authority-eng:LEC
leicestershire county,local-authority-eng:LEC
leicestershire county council,local-authority-eng:LEC
lewes,local-authority-eng:LED
lewes district,local-authority-eng:LED
lewes district council,local-authority-eng:LED
lewisham,local-authority-eng:LEW
lewisham london boro,local-authority-eng:LEW
lichfield,local-authority-eng:LID
lichfield district,local-authority-eng:LID
lichfield district council,local-authority-eng:LID
limavady,local-authority-nir:NIR-B
limavady borough council,local-authority-nir:NIR-B
lincoln,local-authority-eng:CIO
lincoln city,local-authority-eng:CIO
lincoln district,local-authority-eng:CIO
lincolnshire,local-authority-eng:LIN
lincolnshire county,local-authority-eng:LIN
lincolnshire county council,local-authority-eng:LIN
lisburn,local-authority-nir:NIR-S
lisburn and castlereagh,local-authority-nir:LBC
lisburn and castlereagh city,local-authority-nir:LBC
lisburn city council,local-authority-nir:NIR-S
liverpool,local-authority-eng:LIV
liverpool city council,local-authority-eng:LIV
liverpool district,local-authority-eng:LIV
london borough of barking and dagenham,local-authority-eng:BDG
london borough of barnet,local-authority-eng:BNT
london borough of bexley,local-authority-eng:BEX
london borough of brent,local-authority-eng:BEN
london borough of bromley,local-authority-eng:BRY
london borough of camden,local-authority-eng:CMD
london borough of croydon,local-authority-eng:CRY
london borough of ealing,local-authority-eng:EAL
london borough of enfield,local-authority-eng:ENF
london borough of hackney,local-authority-eng:HCK
london borough of hammersmith and fulham,local-authority-eng:HMF
london borough of haringey,local-authority-eng:HRY
london borough of harrow,local-authority-eng:HRW
london borough of havering,local-authority-eng:HAV
london borough of hillingdon,local-authority-eng:HIL
london borough of hounslow,local-authority-eng:HNS
london borough of islington,local-authority-eng:ISL
london borough of lambeth,local-authority-eng:LBH
london borough of lewisham,local-authority-eng:LEW
london borough of merton,local-authority-eng:MRT
london borough of newham,local-authority-eng:NWM
london borough of redbridge,local-authority-eng:RDB
london borough of richmond upon thames,local-authority-eng:RIC
london borough of southwark,local-authority-eng:SWK
london borough of sutton,local-authority-eng:STN
london borough of tower hamlets,local-authority-eng:TWH
london borough of waltham forest,local-authority-eng:WFT
london borough of wandsworth,local-authority-eng:WND
luton,local-authority-eng:LUT
luton borough council,local-authority-eng:LUT
magherafelt,local-authority-nir:NIR-H
magherafelt district council,local-authority-nir:NIR-H
maidstone,local-authority-eng:MAB
maidstone borough council,local-authority-eng:MAB
maidstone district,local-authority-eng:MAB
maldon,local-authority-eng:MDN
maldon district,local-authority-eng:MDN
maldon district council,local-authority-eng:MDN
malvern hills,local-authority-eng:MAH
malvern hills district,local-authority-eng:MAH
malvern hills district council,local-authority-eng:MAH
manchester,local-authority-eng:MAN
manchester city council,local-authority-eng:MAN
manchester district,local-authority-eng:MAN
mansfield,local-authority-eng:MSF
mansfield district,local-authority-eng:MSF
mansfield district council,local-authority-eng:MSF
medway,local-authority-eng:MDW
medway council,local-authority-eng:MDW
melton,local-authority-eng:MEB
melton borough council,local-authority-eng:MEB
melton district,local-authority-eng:MEB
mendip,local-authority-eng:MED
mendip district,local-authority-eng:MED
mendip district council,local-authority-eng:MED
merthyr tudful,local-authority-wls:MTY
merthyr tydfil,local-authority-wls:MTY
merthyr tydfil county borough council,local-authority-wls:MTY
merthyr tydfil ua,local-authority-wls:MTY
merton,local-authority-eng:MRT
merton london boro,local-authority-eng:MRT
mid and east antrim,local-authority-nir:MEA
mid devon,local-authority-eng:MID
mid devon district,local-authority-eng:MID
mid devon district council,local-authority-eng:MID
mid suffolk,local-authority-eng:MSK
mid suffolk district,local-authority-eng:MSK
mid suffolk district council,local-authority-eng:MSK
mid sussex,local-authority-eng:MSX
mid sussex district,local-authority-eng:MSX
mid sussex district council,local-authority-eng:MSX
mid ulster,local-authority-nir:MUL
middlesbrough,local-authority-eng:MDB
middlesbrough borough council,local-authority-eng:MDB
midlothian,local-authority-sct:MLN
midlothian council,local-authority-sct:MLN
milton keynes,local-authority-eng:MIK
milton keynes council,local-authority-eng:MIK
mole valley,local-authority-eng:MOV
mole valley district,local-authority-eng:MOV
mole valley district council,local-authority-eng:MOV
monmouthshire,local-authority-wls:MON
monmouthshire county council,local-authority-wls:MON
moray,local-authority-sct:MRY
moray council,local-authority-sct:MRY
moyle,local-authority-nir:NIR-E
moyle district council,local-authority-nir:NIR-E
na h-eileanan an iar,local-authority-sct:ELS
neath port talbot,local-authority-wls:NTL
neath port talbot county borough council,local-authority-wls:NTL
new forest,local-authority-eng:NEF
new forest district,local-authority-eng:NEF
new forest district council,local-authority-eng:NEF
newark and sherwood,local-authority-eng:NSW
newark and sherwood district,local-authority-eng:NSW
newark and sherwood district council,local-authority-eng:NSW
newcastle city council,local-authority-eng:NET
newcastle upon tyne,local-authority-eng:NET
newcastle upon tyne district,local-authority-eng:NET
newcastle-under-lyme,local-authority-eng:NED
newcastle-under-lyme district,local-authority-eng:NED
newcastle-under-lyme district council,local-authority-eng:NED
newham,local-authority-eng:NWM
newham london boro,local-authority-eng:NWM
newport,local-authority-wls:NWP
newport city council,local-authority-wls:NWP
newry and mourne,local-authority-nir:NIR-P
newry and mourne district council,local-authority-nir:NIR-P
"newry, mourne and down",local-authority-nir:NMD
newtownabbey,local-authority-nir:NIR-U
newtownabbey borough council,local-authority-nir:NIR-U
norfolk,local-authority-eng:NFK
norfolk county,local-authority-eng:NFK
norfolk county council,local-authority-eng:NFK
north ayrshire,local-authority-sct:NAY
north ayrshire council,local-authority-sct:NAY
north devon,local-authority-eng:NDE
north devon council,local-authority-eng:NDE
north devon district,local-authority-eng:NDE
north dorset,local-authority-eng:NDO
north dorset district,local-authority-eng:NDO
north dorset district council,local-authority-eng:NDO
north down,local-authority-nir:NIR-W
north down and ards,local-authority-nir:AND
north down borough council,local-authority-nir:NIR-W
north east derbyshire,local-authority-eng:NOE
north east derbyshire district,local-authority-eng:NOE
north east derbyshire district council,local-authority-eng:NOE
north east lincolnshire,local-authority-eng:NEL
north east lincolnshire council,local-authority-eng:NEL
north hertfordshire,local-authority-eng:NOH
north hertfordshire district,local-authority-eng:NOH
north hertfordshire district council,local-authority-eng:NOH
north kesteven,local-authority-eng:NOK
north kesteven district,local-authority-eng:NOK
north kesteven district council,local-authority-eng:NOK
north lanarkshire,local-authority-sct:NLK
north lanarkshire council,local-authority-sct:NLK
north lincolnshire,local-authority-eng:NLN
north lincolnshire council,local-authority-eng:NLN
north norfolk,local-authority-eng:NON
north norfolk district,local-authority-eng:NON
north norfolk district council,local-authority-eng:NON
north somerset,local-authority-eng:NSM
north somerset council,local-authority-eng:NSM
north tyneside,local-authority-eng:NTY
north tyneside council,local-authority-eng:NTY
north tyneside district,local-authority-eng:NTY
north warwickshire,local-authority-eng:NWK
north warwickshire borough council,local-authority-eng:NWK
north warwickshire district,local-authority-eng:NWK
north west leicestershire,local-authority-eng:NWL
north west leicestershire district,local-authority-eng:NWL
north west leicestershire district council,local-authority-eng:NWL
north west somerset,local-authority-eng:NSM
north yorkshire,local-authority-eng:NYK
north yorkshire county,local-authority-eng:NYK
north yorkshire county council,local-authority-eng:NYK
northampton,local-authority-eng:NOB
northampton borough council,local-authority-eng:NOB
northampton district,local-authority-eng:NOB
northamptonshire,local-authority-eng:NTH
northamptonshire county,local-authority-eng:NTH
northamptonshire county council,local-authority-eng:NTH
northumberland,local-authority-eng:NBL
northumberland council,local-authority-eng:NBL
norwich,local-authority-eng:NOC
norwich city,local-authority-eng:NOC
norwich city council,local-authority-eng:NOC
norwich district,local-authority-eng:NOC
nottingham,local-authority-eng:NGM
nottingham city,local-authority-eng:NGM
nottingham city council,local-authority-eng:NGM
nottinghamshire,local-authority-eng:NTT
nottinghamshire county,local-authority-eng:NTT
nottinghamshire county council,local-authority-eng:NTT
nuneaton and bedworth,local-authority-eng:NUA
nuneaton and bedworth borough council,local-authority-eng:NUA
nuneaton and bedworth district,local-authority-eng:NUA
oadby and wigston,local-authority-eng:OAA
oadby and wigston district,local-authority-eng:OAA
oadby and wigston district council,local-authority-eng:OAA
oldham,local-authority-eng:OLD
oldham district,local-authority-eng:OLD
oldham metropolitan borough council,local-authority-eng:OLD
omagh,local-authority-nir:NIR-K
omagh district council,local-authority-nir:NIR-K
orkney,local-authority-sct:ORK
orkney islands,local-authority-sct:ORK
orkney islands council,local-authority-sct:ORK
oxford,local-authority-eng:OXC
oxford city,local-authority-eng:OXC
oxford city council,local-authority-eng:OXC
oxford district,local-authority-eng:OXC
oxfordshire,local-authority-eng:OXF
oxfordshire county,local-authority-eng:OXF
oxfordshire county council,local-authority-eng:OXF
pembrokeshire,local-authority-wls:PEM
pembrokeshire county council,local-authority-wls:PEM
pen-y-bont ar ogwr,local-authority-wls:BGE
pendle,local-authority-eng:PEB
pendle borough council,local-authority-eng:PEB
pendle district,local-authority-eng:PEB
perth and kinross,local-authority-sct:PKN
perth and kinross council,local-authority-sct:PKN
peterborough,local-authority-eng:PTE
peterborough city,local-authority-eng:PTE
peterborough city council,local-authority-eng:PTE
plymouth,local-authority-eng:PLY
plymouth city,local-authority-eng:PLY
plymouth city council,local-authority-eng:PLY
poole,local-authority-eng:POL
portsmouth,local-authority-eng:POR
portsmouth city council,local-authority-eng:POR
powys,local-authority-wls:POW
powys county council,local-authority-wls:POW
preston,local-authority-eng:PRC
preston city council,local-authority-eng:PRC
preston district,local-authority-eng:PRC
purbeck,local-authority-eng:PUD
purbeck district,local-authority-eng:PUD
purbeck district council,local-authority-eng:PUD
reading,local-authority-eng:RDG
reading borough council,local-authority-eng:RDG
redbridge,local-authority-eng:RDB
redbridge london boro,local-authority-eng:RDB
redcar and cleveland,local-authority-eng:RCC
redcar and cleveland borough council,local-authority-eng:RCC
redditch,local-authority-eng:REB
redditch borough council,local-authority-eng:REB
redditch district,local-authority-eng:REB
reigate and banstead,local-authority-eng:REA
reigate and banstead borough council,local-authority-eng:REA
reigate and banstead district,local-authority-eng:REA
renfrewshire,local-authority-sct:RFW
renfrewshire council,local-authority-sct:RFW
rhondda cynon taf,local-authority-wls:RCT
rhondda cynon taf county borough council,local-authority-wls:RCT
rhondda cynon taff,local-authority-wls:RCT
"rhondda, cynon, taff",local-authority-wls:RCT
"rhondda,cynon,taff",local-authority-wls:RCT
ribble valley,local-authority-eng:RIV
ribble valley borough council,local-authority-eng:RIV
ribble valley district,local-authority-eng:RIV
richmond upon thames,local-authority-eng:RIC
richmond upon thames london boro,local-authority-eng:RIC
richmond-upon-thames,local-authority-eng:RIC
richmondshire,local-authority-eng:RIH
richmondshire district,local-authority-eng:RIH
richmondshire district council,local-authority-eng:RIH
rochdale,local-authority-eng:RCH
rochdale district,local-authority-eng:RCH
rochdale metropolitan borough council,local-authority-eng:RCH
rochford,local-authority-eng:RCF
rochford district,local-authority-eng:RCF
rochford district council,local-authority-eng:RCF
rossendale,local-authority-eng:ROB
rossendale borough council,local-authority-eng:ROB
rossendale district,local-authority-eng:ROB
rother,local-authority-eng:RTR
rother district,local-authority-eng:RTR
rother district council,local-authority-eng:RTR
rotherham,local-authority-eng:ROT
rotherham district,local-authority-eng:ROT
rotherham metropolitan borough council,local-authority-eng:ROT
royal borough of greenwich,local-authority-eng:GRE
royal borough of kensington and chelsea,local-authority-eng:KEC
royal borough of kingston upon thames,local-authority-eng:KTT
royal borough of windsor and maidenhead,local-authority-eng:WNM
rugby,local-authority-eng:RGB
rugby borough council,local-authority-eng:RGB
rugby district,local-authority-eng:RGB
runnymede,local-authority-eng:RYM
runnymede borough council,local-authority-eng:RYM
runnymede district,local-authority-eng:RYM
rushcliffe,local-authority-eng:RUC
rushcliffe borough council,local-authority-eng:RUC
rushcliffe district,local-authority-eng:RUC
rushmoor,local-authority-eng:RSM
rushmoor borough council,local-authority-eng:RSM
rushmoor district,local-authority-eng:RSM
rutland,local-authority-eng:RUT
rutland county council,local-authority-eng:RUT
ryedale,local-authority-eng:RYD
ryedale district,local-authority-eng:RYD
ryedale district council,local-authority-eng:RYD
salford,local-authority-eng:SLF
salford city council,local-authority-eng:SLF
salford district,local-authority-eng:SLF
sandwell,local-authority-eng:SAW
sandwell district,local-authority-eng:SAW
sandwell metropolitan borough council,local-authority-eng:SAW
scarborough,local-authority-eng:SCB
scarborough borough council,local-authority-eng:SCB
scarborough district,local-authority-eng:SCB
scottish borders,local-authority-sct:SCB
sedgemoor,local-authority-eng:SGM
sedgemoor district,local-authority-eng:SGM
sedgemoor district council,local-authority-eng:SGM
sefton,local-authority-eng:SFT
sefton council,local-authority-eng:SFT
sefton district,local-authority-eng:SFT
sefton metropolitan borough council,local-authority-eng:SFT
selby,local-authority-eng:SBY
selby district,local-authority-eng:SBY
selby district council,local-authority-eng:SBY
sevenoaks,local-authority-eng:SVK
sevenoaks district,local-authority-eng:SVK
sevenoaks district council,local-authority-eng:SVK
sheffield,local-authority-eng:SHF
sheffield city council,local-authority-eng:SHF
sheffield district,local-authority-eng:SHF
shepway,local-authority-eng:SHD
shepway district,local-authority-eng:SHD
shepway district council,local-authority-eng:SHD
shetland,local-authority-sct:ZET
shetland islands,local-authority-sct:ZET
shetland islands council,local-authority-sct:ZET
shropshire,local-authority-eng:SHR
shropshire council,local-authority-eng:SHR
sir benfro,local-authority-wls:PEM
sir ddinbych,local-authority-wls:DEN
sir fynwy,local-authority-wls:MON
sir gaerfyrddin,local-authority-wls:CMN
sir y fflint,local-authority-wls:FLN
slough,local-authority-eng:SLG
slough borough council,local-authority-eng:SLG
solihull,local-authority-eng:SHL
solihull district,local-authority-eng:SHL
solihull metropolitan borough council,local-authority-eng:SHL
somerset,local-authority-eng:SOM
somerset county,local-authority-eng:SOM
somerset county council,local-authority-eng:SOM
south ayrshire,local-authority-sct:SAY
south ayrshire council,local-authority-sct:SAY
south ayshire,local-authority-sct:SAY
south buckinghamshire,local-authority-eng:SOB
south bucks,local-authority-eng:SOB
south bucks district,local-authority-eng:SOB
south bucks district council,local-authority-eng:SOB
south cambridgeshire,local-authority-eng:SOC
south cambridgeshire district,local-authority-eng:SOC
south cambridgeshire district council,local-authority-eng:SOC
south derbyshire,local-authority-eng:SOD
south derbyshire district,local-authority-eng:SOD
south derbyshire district council,local-authority-eng:SOD
south gloucestershire,local-authority-eng:SGC
south gloucestershire council,local-authority-eng:SGC
south hams,local-authority-eng:SHA
south hams district,local-authority-eng:SHA
south hams district council,local-authority-eng:SHA
south holland,local-authority-eng:SHO
south holland district,local-authority-eng:SHO
south holland district council,local-authority-eng:SHO
south kesteven,local-authority-eng:SOK
south kesteven district,local-authority-eng:SOK
south kesteven district council,local-authority-eng:SOK
south lakeland,local-authority-eng:SLA
south lakeland district,local-authority-eng:SLA
south lakeland district council,local-authority-eng:SLA
south lanarkshire,local-authority-sct:SLK
south lanarkshire council,local-authority-sct:SLK
south norfolk,local-authority-eng:SNK
south norfolk district,local-authority-eng:SNK
south norfolk district council,local-authority-eng:SNK
south northamptonshire,local-authority-eng:SNH
south northamptonshire council,local-authority-eng:SNH
south northamptonshire district,local-authority-eng:SNH
south oxfordshire,local-authority-eng:SOX
south oxfordshire district,local-authority-eng:SOX
south oxfordshire district council,local-authority-eng:SOX
south ribble,local-authority-eng:SOR
south ribble borough council,local-authority-eng:SOR
south ribble district,local-authority-eng:SOR
south somerset,local-authority-eng:SSM
south somerset district,local-authority-eng:SSM
south somerset district council,local-authority-eng:SSM
south staffordshire,local-authority-eng:SST
south staffordshire council,local-authority-eng:SST
south staffordshire district,local-authority-eng:SST
south tyneside,local-authority-eng:STY
south tyneside council,local-authority-eng:STY
south tyneside district,local-authority-eng:STY
southampton,local-authority-eng:STH
southampton city council,local-authority-eng:STH
southend-on-sea,local-authority-eng:SSE
southend-on-sea borough council,local-authority-eng:SSE
southwark,local-authority-eng:SWK
southwark london boro,local-authority-eng:SWK
spelthorne,local-authority-eng:SPB
spelthorne borough council,local-authority-eng:SPB
spelthorne district,local-authority-eng:SPB
st albans,local-authority-eng:SAC
st albans city,local-authority-eng:SAC
st albans city and district council,local-authority-eng:SAC
st edmundsbury,local-authority-eng:SDM
st edmundsbury borough council,local-authority-eng:SDM
st helens,local-authority-eng:SHN
st helens council,local-authority-eng:SHN
st. albans,local-authority-eng:SAC
st. albans district,local-authority-eng:SAC
st. edmundsbury,local-authority-eng:SDM
st. edmundsbury district,local-authority-eng:SDM
st. helens,local-authority-eng:SHN
st. helens district,local-authority-eng:SHN
stafford,local-authority-eng:STA
stafford borough council,local-authority-eng:STA
stafford district,local-authority-eng:STA
staffordshire,local-authority-eng:STS
staffordshire county,local-authority-eng:STS
staffordshire county council,local-authority-eng:STS
staffordshire moorlands,local-authority-eng:STM
staffordshire moorlands district,local-authority-eng:STM
staffordshire moorlands district council,local-authority-eng:STM
stevenage,local-authority-eng:STV
stevenage borough council,local-authority-eng:STV
stevenage district,local-authority-eng:STV
stirling,local-authority-sct:STG
stirling council,local-authority-sct:STG
stockport,local-authority-eng:SKP
stockport district,local-authority-eng:SKP
stockport metropolitan borough council,local-authority-eng:SKP
stockton on tees,local-authority-eng:STT
stockton-on-tees,local-authority-eng:STT
stockton-on-tees borough council,local-authority-eng:STT
stoke-on-trent,local-authority-eng:SOT
stoke-on-trent city council,local-authority-eng:SOT
strabane,local-authority-nir:NIR-J
strabane district council,local-authority-nir:NIR-J
stratford-on-avon,local-authority-eng:SOA
stratford-on-avon district,local-authority-eng:SOA
stratford-on-avon district council,local-authority-eng:SOA
stroud,local-authority-eng:SRD
stroud district,local-authority-eng:SRD
stroud district council,local-authority-eng:SRD
suffolk,local-authority-eng:SFK
suffolk coastal,local-authority-eng:SUC
suffolk coastal district,local-authority-eng:SUC
suffolk coastal district council,local-authority-eng:SUC
suffolk county,local-authority-eng:SFK
suffolk county council,local-authority-eng:SFK
sunderland,local-authority-eng:SND
sunderland city council,local-authority-eng:SND
sunderland district,local-authority-eng:SND
surrey,local-authority-eng:SRY
surrey county,local-authority-eng:SRY
surrey county council,local-authority-eng:SRY
surrey heath,local-authority-eng:SUH
surrey heath borough council,local-authority-eng:SUH
surrey heath district,local-authority-eng:SUH
sutton,local-authority-eng:STN
sutton london boro,local-authority-eng:STN
swale,local-authority-eng:SWB
swale borough council,local-authority-eng:SWB
swale district,local-authority-eng:SWB
swansea,local-authority-wls:SWA
swindon,local-authority-eng:SWD
swindon borough council,local-authority-eng:SWD
tameside,local-authority-eng:TAM
tameside district,local-authority-eng:TAM
tameside metropolitan borough council,local-authority-eng:TAM
tamworth,local-authority-eng:TAB
tamworth borough council,local-authority-eng:TAB
tamworth district,local-authority-eng:TAB
tandridge,local-authority-eng:TDG
tandridge district,local-authority-eng:TDG
tandridge district council,local-authority-eng:TDG
taunton deane,local-authority-eng:TDE
taunton deane borough council,local-authority-eng:TDE
taunton deane district,local-authority-eng:TDE
teignbridge,local-authority-eng:TBG
teignbridge district,local-authority-eng:TBG
teignbridge district council,local-authority-eng:TBG
telford and wrekin,local-authority-eng:TFW
telford and wrekin council,local-authority-eng:TFW
tendring,local-authority-eng:TDR
tendring district,local-authority-eng:TDR
tendring district council,local-authority-eng:TDR
test valley,local-authority-eng:TEV
test valley borough council,local-authority-eng:TEV
test valley district,local-authority-eng:TEV
tewkesbury,local-authority-eng:TEB
tewkesbury borough council,local-authority-eng:TEB
tewkesbury district,local-authority-eng:TEB
thanet,local-authority-eng:THD
thanet district,local-authority-eng:THD
thanet district council,local-authority-eng:THD
the city of brighton and hove,local-authority-eng:BNH
the highland council,local-authority-sct:HLD
the scottish borders,local-authority-sct:SCB
the vale of glamorgan,local-authority-wls:VGL
three rivers,local-authority-eng:TRR
three rivers district,local-authority-eng:TRR
three rivers district council,local-authority-eng:TRR
thurrock,local-authority-eng:TUK
thurrock council,local-authority-eng:TUK
tonbridge and malling,local-authority-eng:TOA
tonbridge and malling borough council,local-authority-eng:TOA
tonbridge and malling district,local-authority-eng:TOA
torbay,local-authority-eng:TOB
torbay council,local-authority-eng:TOB
torfaen,local-authority-wls:TOF
torfaen county borough council,local-authority-wls:TOF
torridge,local-authority-eng:TOD
torridge district,local-authority-eng:TOD
torridge district council,local-authority-eng:TOD
tower hamlets,local-authority-eng:TWH
tower hamlets london boro,local-authority-eng:TWH
trafford,local-authority-eng:TRF
trafford council,local-authority-eng:TRF
trafford district,local-authority-eng:TRF
tunbridge wells,local-authority-eng:TUW
tunbridge wells borough council,local-authority-eng:TUW
tunbridge wells district,local-authority-eng:TUW
uttlesford,local-authority-eng:UTD
uttlesford district,local-authority-eng:UTD
uttlesford district council,local-authority-eng:UTD
vale of glamorgan,local-authority-wls:VGL
vale of glamorgan council,local-authority-wls:VGL
vale of white horse,local-authority-eng:VAO
vale of white horse district,local-authority-eng:VAO
vale of white horse district council,local-authority-eng:VAO
wakefield,local-authority-eng:WKF
wakefield district,local-authority-eng:WKF
wakefield metropolitan district council,local-authority-eng:WKF
walsall,local-authority-eng:WLL
walsall council,local-authority-eng:WLL
walsall district,local-authority-eng:WLL
waltham forest,local-authority-eng:WFT
waltham forest london boro,local-authority-eng:WFT
wandsworth,local-authority-eng:WND
wandsworth london boro,local-authority-eng:WND
warrington,local-authority-eng:WRT
warrington borough council,local-authority-eng:WRT
warwick,local-authority-eng:WWK
warwick district,local-authority-eng:WWK
warwick district council,local-authority-eng:WWK
warwickshire,local-authority-eng:WKS
warwickshire county,local-authority-eng:WKS
warwickshire county council,local-authority-eng:WKS
watford,local-authority-eng:WTF
watford borough council,local-authority-eng:WTF
watford district,local-authority-eng:WTF
waveney,local-authority-eng:WNY
waveney district,local-authority-eng:WNY
waveney district council,local-authority-eng:WNY
waverley,local-authority-eng:WVY
waverley borough council,local-authority-eng:WVY
waverley district,local-authority-eng:WVY
wealden,local-authority-eng:WLD
wealden district,local-authority-eng:WLD
wealden district council,local-authority-eng:WLD
wellingborough,local-authority-eng:WEB
wellingborough borough council,local-authority-eng:WEB
wellingborough district,local-authority-eng:WEB
welwyn hatfield,local-authority-eng:WEH
welwyn hatfield council,local-authority-eng:WEH
welwyn hatfield district,local-authority-eng:WEH
west berkshire,local-authority-eng:WBK
west berkshire council,local-authority-eng:WBK
west devon,local-authority-eng:WDE
west devon borough council,local-authority-eng:WDE
west devon district,local-authority-eng:WDE
west dorset,local-authority-eng:WDO
west dorset district,local-authority-eng:WDO
west dorset district council,local-authority-eng:WDO
west dunbartonshire,local-authority-sct:WDU
west dunbartonshire council,local-authority-sct:WDU
west lancashire,local-authority-eng:WLA
west lancashire borough council,local-authority-eng:WLA
west lancashire district,local-authority-eng:WLA
west lindsey,local-authority-eng:WLI
west lindsey district,local-authority-eng:WLI
west lindsey district council,local-authority-eng:WLI
west lothian,local-authority-sct:WLN
west lothian council,local-authority-sct:WLN
west oxfordshire,local-authority-eng:WEO
west oxfordshire district,local-authority-eng:WEO
west oxfordshire district council,local-authority-eng:WEO
west somerset,local-authority-eng:WES
west somerset council,local-authority-eng:WES
west somerset district,local-authority-eng:WES
west sussex,local-authority-eng:WSX
west sussex county,local-authority-eng:WSX
west sussex county council,local-authority-eng:WSX
western isles,local-authority-sct:ELS
westminster,local-authority-eng:WSM
weymouth and portland,local-authority-eng:WPO
weymouth and portland borough council,local-authority-eng:WPO
weymouth and portland district,local-authority-eng:WPO
wigan,local-authority-eng:WGN
wigan council,local-authority-eng:WGN
wigan district,local-authority-eng:WGN
wiltshire,local-authority-eng:WIL
wiltshire council,local-authority-eng:WIL
winchester,local-authority-eng:WIC
winchester city,local-authority-eng:WIC
winchester city council,local-authority-eng:WIC
winchester district,local-authority-eng:WIC
windsor and maidenhead,local-authority-eng:WNM
wirral,local-authority-eng:WRL
wirral council,local-authority-eng:WRL
wirral district,local-authority-eng:WRL
woking,local-authority-eng:WKG
woking borough council,local-authority-eng:WKG
woking district,local-authority-eng:WKG
wokingham,local-authority-eng:WOK
wokingham borough council,local-authority-eng:WOK
wolverhampton,local-authority-eng:WLV
wolverhampton city council,local-authority-eng:WLV
worcester,local-authority-eng:WOC
worcester city,local-authority-eng:WOC
worcester city council,local-authority-eng:WOC
worcester district,local-authority-eng:WOC
worcestershire,local-authority-eng:WOR
worcestershire county,local-authority-eng:WOR
worcestershire county council,local-authority-eng:WOR
worthing,local-authority-eng:WOB
worthing borough council,local-authority-eng:WOB
worthing district,local-authority-eng:WOB
wrecsam,local-authority-wls:WRX
wrexham,local-authority-wls:WRX
wrexham county borough council,local-authority-wls:WRX
wychavon,local-authority-eng:WYN
wychavon district,local-authority-eng:WYN
wychavon district council,local-authority-eng:WYN
wycombe,local-authority-eng:WYD
wycombe district,local-authority-eng:WYD
wycombe district council,local-authority-eng:WYD
wyre,local-authority-eng:WYC
wyre council,local-authority-eng:WYC
wyre district,local-authority-eng:WYC
wyre forest,local-authority-eng:WYF
wyre forest district,local-authority-eng:WYF
wyre forest district council,local-authority-eng:WYF
ynys mn,local-authority-wls:AGY
york,local-authority-eng:YOR
