la name,local-authority-code
Adur District Council,ADU
Adur,ADU
Allerdale Borough Council,ALL
Allerdale,ALL
Amber Valley Borough Council,AMB
Amber Valley,AMB
Arun District Council,ARU
Arun,ARU
Ashford Borough Council,ASF
Ashford,ASF
Ashfield District Council,ASH
Ashfield,ASH
Aylesbury Vale District Council,AYL
Aylesbury Vale,AYL
Babergh District Council,BAB
Babergh,BAB
Bassetlaw District Council,BAE
Bassetlaw,BAE
Basildon Borough Council,BAI
Basildon,BAI
Basingstoke and Deane Borough Council,BAN
Basingstoke and Deane,BAN
Basingstoke & Deane,BAN
Barrow-in-Furness Borough Council,BAR
Barrow-in-Furness,BAR
Bath and North East Somerset Council,BAS
Bath and North East Somerset,BAS
Bath & North East Somerset UA,BAS
Blackburn with Darwen Borough Council,BBD
Blackburn with Darwen,BBD
Blackburn With Darwen UA,BBD
Bedford Borough Council,BDF
Bedford,BDF
Bedford UA,BDF
London Borough of Barking and Dagenham,BDG
Barking and Dagenham,BDG
Barking & Dagenham,BDG
London Borough of Brent,BEN
Brent,BEN
London Borough of Bexley,BEX
Bexley,BEX
Birmingham City Council,BIR
Birmingham,BIR
Buckinghamshire County Council,BKM
Buckinghamshire,BKM
Blaby District Council,BLA
Blaby,BLA
Bournemouth Borough Council,BMH
Bournemouth,BMH
Bournemouth UA,BMH
London Borough of Barnet,BNE
Barnet,BNE
Brighton and Hove City Council,BNH
Brighton and Hove,BNH
Brighton & Hove UA,BNH
Barnsley Metropolitan Borough Council,BNS
Barnsley,BNS
Bolton Metropolitan Borough Council,BOL
Bolton,BOL
Bolsover District Council,BOS
Bolsover,BOS
Boston Borough Council,BOT
Boston,BOT
Blackpool Borough Council,BPL
Blackpool,BPL
Blackpool UA,BPL
Braintree District Council,BRA
Braintree,BRA
Bracknell Forest Council,BRC
Bracknell Forest,BRC
Bracknell Forest UA,BRC
City of Bradford Metropolitan District Council,BRD
Bradford,BRD
Breckland District Council,BRE
Breckland,BRE
Bromsgrove District Council,BRM
Bromsgrove,BRM
Broadland District Council,BRO
Broadland,BRO
Broxtowe Borough Council,BRT
Broxtowe,BRT
Brentwood Borough Council,BRW
Brentwood,BRW
Broxbourne Borough Council,BRX
Broxbourne,BRX
London Borough of Bromley,BRY
Bromley,BRY
Bristol City Council,BST
City of Bristol,BST
"Bristol, City of",BST
Bristol UA,BST
Burnley Borough Council,BUN
Burnley,BUN
Bury Metropolitan Borough Council,BUR
Bury,BUR
Cambridge City Council,CAB
Cambridge,CAB
Cambridgeshire County Council,CAM
Cambridgeshire,CAM
Cannock Chase District Council,CAN
Cannock Chase,CAN
Carlisle City Council,CAR
Carlisle,CAR
Castle Point Borough Council,CAS
Castle Point,CAS
Canterbury City Council,CAT
Canterbury,CAT
Central Bedfordshire Council,CBF
Central Bedfordshire,CBF
Central Bedfordshire UA,CBF
Charnwood Borough Council,CHA
Charnwood,CHA
Christchurch Borough Council,CHC
Christchurch,CHC
Cheshire East Council,CHE
Cheshire East,CHE
Cheshire East UA,CHE
Chichester District Council,CHI
Chichester,CHI
Chelmsford City Council,CHL
Chelmsford,CHL
Chiltern District Council,CHN
Chiltern,CHN
Chorley Borough Council,CHO
Chorley,CHO
Cherwell District Council,CHR
Cherwell,CHR
Chesterfield Borough Council,CHS
Chesterfield,CHS
Cheltenham Borough Council,CHT
Cheltenham,CHT
Cheshire West and Chester Council,CHW
Cheshire West and Chester,CHW
Cheshire West And Chester UA,CHW
Calderdale Metropolitan Borough Council,CLD
Calderdale,CLD
Cumbria County Council,CMA
Cumbria,CMA
London Borough of Camden,CMD
Camden,CMD
Colchester Borough Council,COL
Colchester,COL
Cornwall Council,CON
Cornwall,CON
Cornwall UA,CON
Copeland Borough Council,COP
Copeland,COP
Corby Borough Council,COR
Corby,COR
Cotswold District Council,COT
Cotswold,COT
Coventry City Council,COV
Coventry,COV
Craven District Council,CRA
Craven,CRA
Crawley Borough Council,CRW
Crawley,CRW
London Borough of Croydon,CRY
Croydon,CRY
Dacorum Borough Council,DAC
Dacorum,DAC
Darlington Borough Council,DAL
Darlington,DAL
Darlington UA,DAL
Dartford Borough Council,DAR
Dartford,DAR
Daventry District Council,DAV
Daventry,DAV
Derbyshire County Council,DBY
Derbyshire,DBY
Derbyshire Dales District Council,DEB
Derbyshire Dales,DEB
Derby City Council,DER
Derby,DER
Derby City UA,DER
Derby UA,DER
Devon County Council,DEV
Devon,DEV
Doncaster Metropolitan Borough Council,DNC
Doncaster,DNC
Dorset County Council,DOR
Dorset,DOR
Dover District Council,DOV
Dover,DOV
Dudley Metropolitan Borough Council,DUD
Dudley,DUD
Durham County Council,DUR
County Durham,DUR
Durham,DUR
Durham UA,DUR
London Borough of Ealing,EAL
Ealing,EAL
Eastbourne Borough Council,EAS
Eastbourne,EAS
Eastleigh Borough Council,EAT
Eastleigh,EAT
East Cambridgeshire District Council,ECA
East Cambridgeshire,ECA
East Devon District Council,EDE
East Devon,EDE
Eden District Council,EDN
Eden,EDN
East Dorset District Council,EDO
East Dorset,EDO
East Hampshire District Council,EHA
East Hampshire,EHA
East Hertfordshire District Council,EHE
East Hertfordshire,EHE
East Lindsey District Council,ELI
East Lindsey,ELI
Elmbridge Borough Council,ELM
Elmbridge,ELM
London Borough of Enfield,ENF
Enfield,ENF
East Northamptonshire Council,ENO
East Northamptonshire,ENO
Epping Forest District Council,EPP
Epping Forest,EPP
Epsom and Ewell Borough Council,EPS
Epsom and Ewell,EPS
Epsom & Ewell,EPS
Erewash Borough Council,ERE
Erewash,ERE
East Riding of Yorkshire Council,ERY
East Riding of Yorkshire,ERY
East Riding Of Yorkshire UA,ERY
Essex County Council,ESS
Essex,ESS
East Staffordshire Borough Council,EST
East Staffordshire,EST
East Sussex County Council,ESX
East Sussex,ESX
Exeter City Council,EXE
Exeter,EXE
Fareham Borough Council,FAR
Fareham,FAR
Fenland District Council,FEN
Fenland,FEN
Forest of Dean District Council,FOE
Forest of Dean,FOE
Forest Heath District Council,FOR
Forest Heath,FOR
Fylde Borough Council,FYL
Fylde,FYL
Gateshead Metropolitan Borough Council,GAT
Gateshead,GAT
Gedling Borough Council,GED
Gedling,GED
Greater London Authority,GLA
Greater London,GLA
Gloucester City Council,GLO
Gloucester,GLO
Gloucestershire County Council,GLS
Gloucestershire,GLS
Gosport Borough Council,GOS
Gosport,GOS
Gravesham Borough Council,GRA
Gravesham,GRA
Royal Borough of Greenwich,GRE
Greenwich,GRE
Guildford Borough Council,GRT
Guildford,GRT
Great Yarmouth Borough Council,GRY
Great Yarmouth,GRY
Havant Borough Council,HAA
Havant,HAA
Hambleton District Council,HAE
Hambleton,HAE
Harrogate Borough Council,HAG
Harrogate,HAG
Halton Borough Council,HAL
Halton,HAL
Halton UA,HAL
Hampshire County Council,HAM
Hampshire,HAM
Harborough District Council,HAO
Harborough,HAO
Harlow District Council,HAR
Harlow,HAR
Hastings Borough Council,HAS
Hastings,HAS
Hart District Council,HAT
Hart,HAT
London Borough of Havering,HAV
Havering,HAV
London Borough of Hackney,HCK
Hackney,HCK
Herefordshire Council,HEF
Herefordshire,HEF
Herefordshire UA,HEF
Hertsmere Borough Council,HER
Hertsmere,HER
High Peak Borough Council,HIG
High Peak,HIG
London Borough of Hillingdon,HIL
Hillingdon,HIL
Hinckley and Bosworth Borough Council,HIN
Hinckley and Bosworth,HIN
Hinckley & Bosworth,HIN
London Borough of Hammersmith & Fulham,HMF
Hammersmith and Fulham,HMF
Hammersmith & Fulham,HMF
London Borough of Hounslow,HNS
Hounslow,HNS
Horsham District Council,HOR
Horsham,HOR
Hartlepool Borough Council,HPL
Hartlepool,HPL
Hartlepool UA,HPL
Hertfordshire County Council,HRT
Hertfordshire,HRT
London Borough of Harrow,HRW
Harrow,HRW
London Borough of Haringey,HRY
Haringey,HRY
Huntingdonshire District Council,HUN
Huntingdonshire,HUN
Hyndburn Borough Council,HYN
Hyndburn,HYN
Council of the Isles of Scilly,IOS
Isles of Scilly,IOS
Isle of Wight Council,IOW
Isle of Wight,IOW
Isle Of Wight UA,IOW
Ipswich Borough Council,IPS
Ipswich,IPS
London Borough of Islington,ISL
Islington,ISL
Royal Borough of Kensington and Chelsea,KEC
Kensington and Chelsea,KEC
Kensington & Chelsea,KEC
Kent County Council,KEN
Kent,KEN
Kettering Borough Council,KET
Kettering,KET
Hull City Council,KHL
Kingston upon Hull,KHL
"Kingston upon Hull, City of",KHL
Kingston Upon Hull UA,KHL
Borough Council of Kings Lynn and West Norfolk,KIN
Kings Lynn and West Norfolk,KIN
King's Lynn & West Norfolk,KIN
Kings Lynn & West Norfolk,KIN
Kirklees Council,KIR
Kirklees,KIR
Royal Borough of Kingston upon Thames,KTT
Kingston upon Thames,KTT
Knowsley Metropolitan Borough Council,KWL
Knowsley,KWL
Lancaster City Council,LAC
Lancaster,LAC
Lancashire County Council,LAN
Lancashire,LAN
London Borough of Lambeth,LBH
Lambeth,LBH
Leicester City Council,LCE
Leicester,LCE
Leicester City UA,LCE
Leicester UA,LCE
Leeds City Council,LDS
Leeds,LDS
Leicestershire County Council,LEC
Leicestershire,LEC
Lewes District Council,LEE
Lewes,LEE
London Borough of Lewisham,LEW
Lewisham,LEW
City of Lincoln Council,LIC
City of Lincoln,LIC
Lincoln,LIC
Lichfield District Council,LIF
Lichfield,LIF
Lincolnshire County Council,LIN
Lincolnshire,LIN
Liverpool City Council,LIV
Liverpool,LIV
City of London Corporation,LND
City of London,LND
Luton Borough Council,LUT
Luton,LUT
Luton UA,LUT
Maidstone Borough Council,MAI
Maidstone,MAI
Maldon District Council,MAL
Maldon,MAL
Manchester City Council,MAN
Manchester,MAN
Mansfield District Council,MAS
Mansfield,MAS
Malvern Hills District Council,MAV
Malvern Hills,MAV
Middlesbrough Borough Council,MDB
Middlesbrough,MDB
Middlesbrough UA,MDB
Mid Devon District Council,MDE
Mid Devon,MDE
Medway Council,MDW
Medway,MDW
The Medway Towns UA,MDW
Medway Towns UA,MDW
Melton Borough Council,MEL
Melton,MEL
Mendip District Council,MEN
Mendip,MEN
Milton Keynes Council,MIK
Milton Keynes,MIK
Milton Keynes UA,MIK
Mole Valley District Council,MOL
Mole Valley,MOL
London Borough of Merton,MRT
Merton,MRT
Mid Sussex District Council,MSS
Mid Sussex,MSS
Mid Suffolk District Council,MSU
Mid Suffolk,MSU
Northumberland County Council,NBL
Northumberland,NBL
Northumberland UA,NBL
North Devon District Council,NDE
North Devon,NDE
North Dorset District Council,NDO
North Dorset,NDO
Newark and Sherwood District Council,NEA
Newark and Sherwood,NEA
Newark & Sherwood,NEA
Newcastle-under-Lyme Borough Council,NEC
Newcastle-under-Lyme,NEC
North East Derbyshire District Council,NED
North East Derbyshire,NED
North East Lincolnshire Council,NEL
North East Lincolnshire,NEL
North East Lincolnshire UA,NEL
Newcastle City Council,NET
Newcastle upon Tyne,NET
New Forest District Council,NEW
New Forest,NEW
Norfolk County Council,NFK
Norfolk,NFK
Nottingham City Council,NGM
Nottingham,NGM
City of Nottingham UA,NGM
Nottingham UA,NGM
North Hertfordshire District Council,NHE
North Hertfordshire,NHE
North Kesteven District Council,NKE
North Kesteven,NKE
North Lincolnshire Council,NLN
North Lincolnshire,NLN
North Lincolnshire UA,NLN
North Norfolk District Council,NNO
North Norfolk,NNO
Northampton Borough Council,NOR
Northampton,NOR
Norwich City Council,NOW
Norwich,NOW
North Somerset  Council,NSM
North Somerset,NSM
North Somerset UA,NSM
Northamptonshire County Council,NTH
Northamptonshire,NTH
Nottinghamshire County Council,NTT
Nottinghamshire,NTT
North Tyneside Council,NTY
North Tyneside,NTY
Nuneaton and Bedworth Borough Council,NUN
Nuneaton and Bedworth,NUN
Nuneaton & Bedworth,NUN
North Warwickshire Borough Council,NWA
North Warwickshire,NWA
North West Leicestershire District Council,NWL
North West Leicestershire,NWL
London Borough of Newham,NWM
Newham,NWM
North Yorkshire County Council,NYK
North Yorkshire,NYK
Oadby and Wigston Borough Council,OAD
Oadby and Wigston,OAD
Oadby & Wigston,OAD
Oldham Metropolitan Borough Council,OLD
Oldham,OLD
Oxfordshire County Council,OXF
Oxfordshire,OXF
Oxford City Council,OXO
Oxford,OXO
Pendle Borough Council,PEN
Pendle,PEN
Plymouth City Council,PLY
Plymouth,PLY
Plymouth UA,PLY
Borough of Poole,POL
Poole,POL
Poole UA,POL
Portsmouth City Council,POR
Portsmouth,POR
Portsmouth UA,POR
Preston City Council,PRE
Preston,PRE
Peterborough City Council,PTE
Peterborough,PTE
Peterborough UA,PTE
Purbeck District Council,PUR
Purbeck,PUR
Redcar and Cleveland Borough Council,RCC
Redcar and Cleveland,RCC
Redcar & Cleveland UA,RCC
Rochdale Metropolitan Borough Council,RCH
Rochdale,RCH
London Borough of Redbridge,RDB
Redbridge,RDB
Reading Borough Council,RDG
Reading,RDG
Reading UA,RDG
Redditch Borough Council,RED
Redditch,RED
Reigate and Banstead Borough Council,REI
Reigate and Banstead,REI
Reigate & Banstead,REI
Ribble Valley Borough Council,RIB
Ribble Valley,RIB
London Borough of Richmond upon Thames,RIC
Richmond upon Thames,RIC
Richmondshire District Council,RIH
Richmondshire,RIH
Rochford District Council,ROC
Rochford,ROC
Rother District Council,ROH
Rother,ROH
Rossendale Borough Council,ROS
Rossendale,ROS
Rotherham Metropolitan Borough Council,ROT
Rotherham,ROT
Rugby Borough Council,RUG
Rugby,RUG
Rushmoor Borough Council,RUH
Rushmoor,RUH
Runnymede Borough Council,RUN
Runnymede,RUN
Rushcliffe Borough Council,RUS
Rushcliffe,RUS
Rutland County Council,RUT
Rutland,RUT
Rutland UA,RUT
Ryedale District Council,RYE
Ryedale,RYE
St Albans City and District Council,SAL
St Albans,SAL
Sandwell Metropolitan Borough Council,SAW
Sandwell,SAW
South Bucks District Council,SBU
South Bucks,SBU
South Cambridgeshire District Council,SCA
South Cambridgeshire,SCA
Scarborough Borough Council,SCE
Scarborough,SCE
South Derbyshire District Council,SDE
South Derbyshire,SDE
St Edmundsbury Borough Council,SED
St Edmundsbury,SED
Sedgemoor District Council,SEG
Sedgemoor,SEG
Selby District Council,SEL
Selby,SEL
Sevenoaks District Council,SEV
Sevenoaks,SEV
Suffolk County Council,SFK
Suffolk,SFK
Sefton Metropolitan Borough Council,SFT
Sefton,SFT
South Gloucestershire Council,SGC
South Gloucestershire,SGC
South Gloucestershire UA,SGC
South Hams District Council,SHA
South Hams,SHA
Folkestone and Hythe District Council,SHE
Folkestone and Hythe,SHE
Shepway District Council,SHE
Shepway,SHE
Sheffield City Council,SHF
Sheffield,SHF
St Helens Council,SHN
St. Helens,SHN
St Helens,SHN
South Holland District Council,SHO
South Holland,SHO
Shropshire Council,SHR
Shropshire,SHR
Shropshire UA,SHR
South Kesteven District Council,SKE
South Kesteven,SKE
Stockport Metropolitan Borough Council,SKP
Stockport,SKP
South Lakeland District Council,SLA
South Lakeland,SLA
Salford City Council,SLF
Salford,SLF
Slough Borough Council,SLG
Slough,SLG
Slough UA,SLG
Sunderland City Council,SND
Sunderland,SND
South Norfolk District Council,SNO
South Norfolk,SNO
South Northamptonshire Council,SNR
South Northamptonshire,SNR
Solihull Metropolitan Borough Council,SOL
Solihull,SOL
Somerset County Council,SOM
Somerset,SOM
Southend-on-Sea Borough Council,SOS
Southend-on-Sea,SOS
Southend-on-Sea UA,SOS
Southend UA,SOS
South Oxfordshire District Council,SOX
South Oxfordshire,SOX
Spelthorne Borough Council,SPE
Spelthorne,SPE
South Ribble Borough Council,SRI
South Ribble,SRI
Surrey County Council,SRY
Surrey,SRY
South Somerset District Council,SSO
South Somerset,SSO
South Staffordshire Council,SST
South Staffordshire,SST
Stafford Borough Council,STA
Stafford,STA
Stoke-on-Trent City Council,STE
Stoke-on-Trent,STE
Stoke-On-Trent UA,STE
Staffordshire Moorlands District Council,STF
Staffordshire Moorlands,STF
Southampton City Council,STH
Southampton,STH
Southampton UA,STH
London Borough of Sutton,STN
Sutton,STN
Stroud District Council,STO
Stroud,STO
Stratford-on-Avon District Council,STR
Stratford-on-Avon,STR
Staffordshire County Council,STS
Staffordshire,STS
Stockton-on-Tees Borough Council,STT
Stockton-on-Tees,STT
Stockton-On-Tees UA,STT
Stockton On Tees UA,STT
Stevenage Borough Council,STV
Stevenage,STV
South Tyneside Council,STY
South Tyneside,STY
Suffolk Coastal District Council,SUF
Suffolk Coastal,SUF
Surrey Heath Borough Council,SUR
Surrey Heath,SUR
Swindon Borough Council,SWD
Swindon,SWD
Swindon UA,SWD
London Borough of Southwark,SWK
Southwark,SWK
Swale Borough Council,SWL
Swale,SWL
Tameside Metropolitan Borough Council,TAM
Tameside,TAM
Tandridge District Council,TAN
Tandridge,TAN
Taunton Deane Borough Council,TAU
Taunton Deane,TAU
Tamworth Borough Council,TAW
Tamworth,TAW
Teignbridge District Council,TEI
Teignbridge,TEI
Tendring District Council,TEN
Tendring,TEN
Test Valley Borough Council,TES
Test Valley,TES
Tewkesbury Borough Council,TEW
Tewkesbury,TEW
Telford & Wrekin Council,TFW
Telford and Wrekin,TFW
Telford and the Wrekin UA,TFW
Telford & Wrekin UA,TFW
Thanet District Council,THA
Thanet,THA
Three Rivers District Council,THE
Three Rivers,THE
Thurrock Council,THR
Thurrock,THR
Thurrock UA,THR
Torbay Council,TOB
Torbay,TOB
Torbay UA,TOB
Tonbridge and Malling Borough Council,TON
Tonbridge and Malling,TON
Tonbridge & Malling,TON
Torridge District Council,TOR
Torridge,TOR
Trafford Metropolitan Borough Council,TRF
Trafford,TRF
Tunbridge Wells Borough Council,TUN
Tunbridge Wells,TUN
London Borough of Tower Hamlets,TWH
Tower Hamlets,TWH
Uttlesford District Council,UTT
Uttlesford,UTT
Vale of White Horse District Council,VAL
Vale of White Horse,VAL
Waverley Borough Council,WAE
Waverley,WAE
Warwickshire County Council,WAR
Warwickshire,WAR
Watford Borough Council,WAT
Watford,WAT
Waveney District Council,WAV
Waveney,WAV
Warwick District Council,WAW
Warwick,WAW
West Berkshire Council,WBK
West Berkshire,WBK
West Berkshire UA,WBK
West Devon Borough Council,WDE
West Devon,WDE
West Dorset District Council,WDO
West Dorset,WDO
Wealden District Council,WEA
Wealden,WEA
Wellingborough Borough Council,WEL
Wellingborough,WEL
Welwyn Hatfield Borough Council,WEW
Welwyn Hatfield,WEW
Weymouth and Portland Borough Council,WEY
Weymouth and Portland,WEY
Weymouth & Portland,WEY
London Borough of Waltham Forest,WFT
Waltham Forest,WFT
Wigan Metropolitan Borough Council,WGN
Wigan,WGN
Wiltshire Council,WIL
Wiltshire,WIL
Wiltshire UA,WIL
Winchester City Council,WIN
Winchester,WIN
Wakefield Metropolitan District Council,WKF
Wakefield,WKF
West Lancashire Borough Council,WLA
West Lancashire,WLA
West Lindsey District Council,WLI
West Lindsey,WLI
Walsall Metropolitan Borough Council,WLL
Walsall,WLL
City of Wolverhampton Council,WLV
Wolverhampton,WLV
London Borough of Wandsworth,WND
Wandsworth,WND
Royal Borough of Windsor and Maidenhead,WNM
Windsor and Maidenhead,WNM
Windsor & Maidenhead UA,WNM
Worcester City Council,WOC
Worcester,WOC
Woking Borough Council,WOI
Woking,WOI
Wokingham Borough Council,WOK
Wokingham,WOK
Wokingham UA,WOK
Worcestershire County Council,WOR
Worcestershire,WOR
Worthing Borough Council,WOT
Worthing,WOT
West Oxfordshire District Council,WOX
West Oxfordshire,WOX
Wirral Borough Council,WRL
Wirral,WRL
Warrington Borough Council,WRT
Warrington,WRT
Warrington UA,WRT
City of Westminster,WSM
Westminster,WSM
West Somerset District Council,WSO
West Somerset,WSO
West Sussex County Council,WSX
West Sussex,WSX
Wychavon District Council,WYC
Wychavon,WYC
Wyre Forest District Council,WYE
Wyre Forest,WYE
Wycombe District Council,WYO
Wycombe,WYO
Wyre Borough Council,WYR
Wyre,WYR
City of York Council,YOR
York,YOR
York UA,YOR
"Armagh City, Banbridge and Craigavon Borough Council",ABC
"Armagh City, Banbridge and Craigavon",ABC
Ards and North Down Borough Council,AND
Ards and North Down,AND
Antrim and Newtownabbey Borough Council,ANN
Antrim and Newtownabbey,ANN
Belfast City Council,BFS
Belfast,BFS
Causeway Coast and Glens Borough Council,CCG
Causeway Coast and Glens,CCG
Derry City and Strabane District Council,DRS
Derry City and Strabane,DRS
Fermanagh and Omagh District Council,FMO
Fermanagh and Omagh,FMO
Lisburn and Castlereagh City Council,LBC
Lisburn and Castlereagh,LBC
Mid and East Antrim Borough Council,MEA
Mid and East Antrim,MEA
Mid Ulster District Council,MUL
Mid Ulster,MUL
Mid-Ulster District Council,MUL
Derry City Council,NIR-A
Derry,NIR-A
Limavady Borough Council,NIR-B
Limavady,NIR-B
Coleraine Borough Council,NIR-C
Coleraine,NIR-C
Ballymoney Borough Council,NIR-D
Ballymoney,NIR-D
Moyle District Council,NIR-E
Moyle,NIR-E
Larne Borough Council,NIR-F
Larne,NIR-F
Ballymena Borough Council,NIR-G
Ballymena,NIR-G
Magherafelt District Council,NIR-H
Magherafelt,NIR-H
Cookstown District Council,NIR-I
Cookstown,NIR-I
Strabane District Council,NIR-J
Strabane,NIR-J
Omagh District Council,NIR-K
Omagh,NIR-K
Fermanagh District Council,NIR-L
Fermanagh,NIR-L
Dungannon and South Tyrone Borough Council,NIR-M
Dungannon and South Tyrone,NIR-M
Craigavon Borough Council,NIR-N
Craigavon,NIR-N
Armagh City and District Council,NIR-O
Armagh City,NIR-O
Newry and Mourne District Council,NIR-P
Newry and Mourne,NIR-P
Banbridge District Council,NIR-Q
Banbridge,NIR-Q
Down District Council,NIR-R
Down,NIR-R
Lisburn City Council,NIR-S
Lisburn,NIR-S
Antrim Borough Council,NIR-T
Antrim,NIR-T
Newtownabbey Borough Council,NIR-U
Newtownabbey,NIR-U
Carrickfergus Borough Council,NIR-V
Carrickfergus,NIR-V
North Down Borough Council,NIR-W
North Down,NIR-W
Ards Borough Council,NIR-X
Ards,NIR-X
Castlereagh Borough Council,NIR-Y
Castlereagh,NIR-Y
"Newry, Mourne and Down District Council",NMD
"Newry, Mourne and Down ",NMD
Aberdeenshire Council,ABD
Aberdeenshire,ABD
Aberdeen City Council,ABE
Aberdeen City,ABE
Argyll and Bute Council,AGB
Argyll and Bute,AGB
Angus Council,ANS
Angus,ANS
Clackmannanshire Council,CLK
Clackmannanshire,CLK
Dumfries and Galloway Council,DGY
Dumfries and Galloway,DGY
Dumfries & Galloway Council,DGY
Dundee City Council,DND
Dundee City,DND
East Ayrshire Council,EAY
East Ayrshire,EAY
City of Edinburgh Council,EDH
City of Edinburgh,EDH
East Dunbartonshire Council,EDU
East Dunbartonshire,EDU
East Lothian Council,ELN
East Lothian,ELN
Comhairle nan Eilean Siar,ELS
Eilean Siar,ELS
Western Isles Council,ELS
Na h-Eileanan Siar,ELS
East Renfrewshire Council,ERW
East Renfrewshire,ERW
Falkirk Council,FAL
Falkirk,FAL
Fife Council,FIF
Fife,FIF
Glasgow City Council,GLG
Glasgow City,GLG
The Highland Council,HLD
Highland,HLD
Highland Council,HLD
Inverclyde Council,IVC
Inverclyde,IVC
Midlothian Council,MLN
Midlothian,MLN
The Moray Council,MRY
Moray,MRY
Moray Council,MRY
North Ayrshire Council,NAY
North Ayrshire,NAY
North Lanarkshire Council,NLK
North Lanarkshire,NLK
Orkney Islands Council,ORK
Orkney Islands,ORK
Perth and Kinross Council,PKN
Perth and Kinross,PKN
Renfrewshire Council,RFW
Renfrewshire,RFW
South Ayrshire Council,SAY
South Ayrshire,SAY
Scottish Borders Council,SCB
The Scottish Borders,SCB
South Lanarkshire Council,SLK
South Lanarkshire,SLK
Stirling Council,STG
Stirling,STG
West Dunbartonshire Council,WDU
West Dunbartonshire,WDU
West Lothian Council,WLN
West Lothian,WLN
Shetland Islands Council,ZET
Shetland Islands,ZET
Isle of Anglesey County Council,AGY
Isle of Anglesey,AGY
Sir Ynys M�n,AGY
Bridgend County Borough Council,BGE
Bridgend,BGE
Pen-y-bont ar Ogwr,BGE
Blaenau Gwent County Borough Council,BGW
Blaenau Gwent,BGW
Blaenau Gwent,BGW
Caerphilly County Borough Council,CAY
Caerphilly,CAY
Caerffili,CAY
Ceredigion County Council,CGN
Ceredigion,CGN
Ceredigion,CGN
Carmarthenshire County Council,CMN
Carmarthenshire,CMN
Sir Gaerfyrddin,CMN
City of Cardiff Council,CRF
Cardiff,CRF
Caerdydd,CRF
The City of Cardiff Council,CRF
Conwy County Borough Council,CWY
Conwy,CWY
Conwy,CWY
Denbighshire County Council,DEN
Denbighshire,DEN
Sir Ddinbych,DEN
Flintshire County Council,FLN
Flintshire,FLN
Sir y Fflint,FLN
Gwynedd Council,GWN
Gwynedd,GWN
Gwynedd,GWN
Monmouthshire County Council,MON
Monmouthshire,MON
Sir Fynwy,MON
Merthyr Tydfil County Borough Council,MTY
Merthyr Tydfil,MTY
Merthyr Tudful,MTY
Neath Port Talbot County Borough Council,NTL
Neath Port Talbot,NTL
Castell-nedd Port Talbot,NTL
Newport City Council,NWP
Newport,NWP
Casnewydd,NWP
Pembrokeshire County Council,PEM
Pembrokeshire,PEM
Sir Benfro,PEM
Powys County Council,POW
Powys,POW
Powys,POW
Rhondda Cynon Taf County Borough Council,RCT
Rhondda Cynon Taff,RCT
City and County of Swansea Council,SWA
Swansea,SWA
Abertawe,SWA
Cityﾠand County of Swansea,SWA
Torfaen County Borough Council,TOF
Torfaen,TOF
Tor-faen,TOF
Vale of Glamorgan Council,VGL
The Vale of Glamorgan,VGL
Bro Morgannwg,VGL
Wrexham County Borough Council,WRX
Wrexham,WRX
Wrecsam,WRX
"Bournemouth, Christchurch and Poole Council",BPC
"Bournemouth, Christchurch and Poole",BPC
Bournemouth Christchurch and Poole,BPC
Dorset Council,DST
Dorset Council,DST
Somerset West and Taunton Council,SWT
Somerset West and Taunton,SWT
Somerset West & Taunton,SWT
West Suffolk Council,WSK
West Suffolk,WSK
East Suffolk Council,ESK
East Suffolk,ESK
aberdeen c ity,ABE
aberdeen city,ABE
aberdeen city council,ABE
aberdeen cuty,ABE
aberdeenshire,ABD
aberdeenshire council,ABD
abertawe,SWA
anglesey,AGY
angus,ANS
angus council,ANS
antrim and newtownabbey,ANN
ards and north down,AND
argyll and bute,AGB
argyll and bute council,AGB
"armagh city, banbridge and craigavon",ABC
"armagh, banbridge and craigavon",ABC
barking and dagenham,BDG
barking and dagenham london boro,BDG
barnsley,BNS
barnsley district,BNS
barnsley metropolitan borough council,BNS
basildon,BAS
basildon borough council,BAS
basildon district,BAS
bath and north east somerset,BNE
bath and north east somerset council,BNE
bedford,BDF
bedford borough council,BDF
belfast,BFS
belfast city,BFS
belfast city council,BFS
bexley,BEX
bexley london boro,BEX
birmingham,BIR
birmingham city council,BIR
birmingham district,BIR
blackburn,BBD
blackburn with darwen,BBD
blackburn with darwen borough council,BBD
blackpool,BPL
blackpool borough council,BPL
blaenau gwent,BGW
blaenau gwent county borough council,BGW
bolton,BOL
bolton district,BOL
bolton metropolitan borough council,BOL
borough council of kings lynn and west norfolk,KIN
borough of poole,POL
bournemouth,BMH
bournemouth borough council,BMH
bradford,BRD
bradford district,BRD
bradford mdc,BRD
bradford metropolitan district council,BRD
braintree,BRT
braintree district,BRT
braintree district council,BRT
brent,BEN
brent london boro,BEN
bridgend,BGE
bridgend county borough,BGE
bridgend county borough council,BGE
brighton and hove,BNH
brighton and hove city council,BNH
bristol,BST
bristol city council,BST
bristol city of,BST
"bristol, city of",BST
bro morgannwg,VGL
broadland,BRO
broadland district,BRO
broadland district council,BRO
bromley,BRY
bromley london boro,BRY
bromsgrove,BRM
bromsgrove district,BRM
bromsgrove district council,BRM
buckinghamshire,BKM
buckinghamshire county,BKM
buckinghamshire county council,BKM
bury,BUR
bury district,BUR
bury metropolitan borough council,BUR
caerdydd,CRF
caerffili,CAY
caerphilly,CAY
caerphilly county borough,CAY
caerphilly county borough council,CAY
calderdale,CLD
calderdale district,CLD
calderdale metropolitan borough council,CLD
cambridgeshire,CAM
cambridgeshire county,CAM
cambridgeshire county council,CAM
camden,CMD
camden london boro,CMD
cardiff,CRF
carmarthenshire,CMN
carmarthenshire county council,CMN
casnewydd,NWP
castell-nedd port talbot,NTL
causeway coast and glens,CCG
central bedfordshire,CBF
central bedfordshire council,CBF
ceredigion,CGN
ceredigion county council,CGN
chelmsford,CHC
chelmsford city council,CHC
chelmsford district,CHC
cheltenham,CHE
cheltenham borough council,CHE
cheltenham district,CHE
chichester,CHS
chichester district,CHS
chichester district council,CHS
city and county of swansea council,SWA
city and county of the city of london,LND
city of aberdeen,ABE
city of brighton and hove,BNH
city of bristol,BST
city of cardiff council,CRF
city of derby,DER
city of dundee,DND
city of edinburgh,EDH
city of edinburgh council,EDH
city of glasgow,GLG
city of kingston upon hull,KHL
city of leicester,LCE
city of london,LND
city of london corporation,LND
city of nottingham,NGM
city of peterborough,PTE
city of plymouth,PLY
city of portsmouth,POR
city of southampton,STH
city of westminster,WSM
city of westminster london boro,WSM
city of wolverhampton,WLV
city of wolverhampton district,WLV
city of york council,YOR
clackmannan,CLK
clackmannanshire,CLK
clackmannanshire council,CLK
comhairle nan eilean siar,ELS
comhairle nan eilean siar (western isles),ELS
conwy,CWY
conwy county borough council,CWY
cornwall,CON
cornwall council,CON
county durham,DUR
county of herefordshire,HEF
coventry,COV
coventry city council,COV
coventry district,COV
crawley,CRW
crawley borough council,CRW
crawley district,CRW
croydon,CRY
croydon london boro,CRY
cumbria,CMA
cumbria county,CMA
cumbria county council,CMA
darlington,DAL
darlington borough council,DAL
denbighshire,DEN
denbighshire county council,DEN
derby,DER
derby city,DER
derby city council,DER
derbyshire,DBY
derbyshire county,DBY
derbyshire county council,DBY
derry and strabane,DRS
derry city and strabane,DRS
devon,DEV
devon county,DEV
devon county council,DEV
doncaster,DNC
doncaster district,DNC
doncaster metropolitan borough council,DNC
dorset,DOR
dorset county,DOR
dorset county council,DOR
dudley,DUD
dudley district,DUD
dudley metropolitan borough council,DUD
dumfries and galloway,DGY
dumfries and galloway council,DGY
dundee city,DND
dundee city council,DND
durham,DUR
durham county council,DUR
ealing,EAL
ealing london boro,EAL
ease dunbartonshire,EDU
east ayrshire,EAY
east ayrshire council,EAY
east devon,EDE
east devon district,EDE
east devon district council,EDE
east dorset,EDO
east dorset district,EDO
east dorset district council,EDO
east dunbaronshire,EDU
east dunbarton,EDU
east dunbartonshire,EDU
east dunbartonshire council,EDU
east dunnbartonshire,EDU
east hampshire,EHA
east hampshire district,EHA
east hampshire district council,EHA
east hertfordshire,EHE
east hertfordshire district,EHE
east hertfordshire district council,EHE
east lindsey,ELI
east lindsey district,ELI
east lindsey district council,ELI
east lothian,ELN
east lothian council,ELN
east renfrewshire,ERW
east renfrewshire council,ERW
east riding of yorkshire,ERY
east riding of yorkshire council,ERY
east staffordshire,EAS
east staffordshire borough council,EAS
east staffordshire district,EAS
east sussex,ESX
east sussex county,ESX
east sussex county council,ESX
edinburgh (city of),EDH
"edinburgh, city of",EDH
eilean,ELS
eilean siar,ELS
enfield,ENF
enfield london boro,ENF
essex,ESS
essex county,ESS
essex county council,ESS
falkirk,FAL
falkirk council,FAL
fermanagh and omagh,FMO
fife,FIF
fife council,FIF
flintshire,FLN
flintshire county council,FLN
gateshead,GAT
gateshead district,GAT
gateshead metropolitan borough council,GAT
glasgow,GLG
glasgow city,GLG
glasgow city coucil,GLG
glasgow city council,GLG
gloucestershire,GLS
gloucestershire county,GLS
gloucestershire county council,GLS
great yarmouth,GRY
great yarmouth borough council,GRY
great yarmouth district,GRY
greater london,GLA
greenwich,GRE
greenwich london boro,GRE
gwynedd,GWN
gwynedd council,GWN
hackney,HCK
hackney london boro,HCK
halton,HAL
halton borough council,HAL
hammersmith and fulham,HMF
hammersmith and fulham london boro,HMF
hampshire,HAM
hampshire county,HAM
hampshire county council,HAM
haringey,HRY
haringey london boro,HRY
harrow,HRW
harrow london boro,HRW
hart,HAR
hart district,HAR
hart district council,HAR
hartlepool,HPL
hartlepool borough council,HPL
havering,HAV
havering london boro,HAV
herefordshire,HEF
herefordshire council,HEF
"herefordshire, county of",HEF
highands,HLD
highland,HLD
highlands,HLD
hillingdon,HIL
hillingdon london boro,HIL
hounslow,HNS
hounslow london boro,HNS
hull city,KHL
hull city council,KHL
inverclyde,IVC
inverclyde council,IVC
isle of anglesey,AGY
isle of anglesey county council,AGY
isle of wight,IOW
isle of wight council,IOW
isles of scilly,IOS
islington,ISL
islington london boro,ISL
kensington and chelsea,KEC
kensington and chelsea london boro,KEC
kent,KEN
kent county,KEN
kent county council,KEN
king's lynn and west norfolk,KIN
king's lynn and west norfolk district,KIN
kings lynn and west norfolk,KIN
kingston upon hull,KHL
kingston upon hull city of,KHL
"kingston upon hull, city of",KHL
kingston upon thames,KTT
kingston upon thames london boro,KTT
kingston-upon-thames,KTT
kirklees,KIR
kirklees council,KIR
kirklees district,KIR
knowsley,KWL
knowsley council,KWL
knowsley district,KWL
lambeth,LBH
lambeth london boro,LBH
lancashire,LAN
lancashire county,LAN
lancashire county council,LAN
lancaster,LAC
lancaster city,LAC
lancaster city council,LAC
lancaster district,LAC
leeds,LDS
leeds city council,LDS
leeds district,LDS
leicester,LCE
leicester city,LCE
leicester city council,LCE
leicestershire,LEC
leicestershire county,LEC
leicestershire county council,LEC
lewisham,LEW
lewisham london boro,LEW
lincolnshire,LIN
lincolnshire county,LIN
lincolnshire county council,LIN
lisburn and castlereagh,LBC
lisburn and castlereagh city,LBC
liverpool,LIV
liverpool city council,LIV
liverpool district,LIV
london borough of barking and dagenham,BDG
london borough of bexley,BEX
london borough of brent,BEN
london borough of bromley,BRY
london borough of camden,CMD
london borough of croydon,CRY
london borough of ealing,EAL
london borough of enfield,ENF
london borough of hackney,HCK
london borough of hammersmith and fulham,HMF
london borough of haringey,HRY
london borough of harrow,HRW
london borough of havering,HAV
london borough of hillingdon,HIL
london borough of hounslow,HNS
london borough of islington,ISL
london borough of lambeth,LBH
london borough of lewisham,LEW
london borough of merton,MRT
london borough of newham,NWM
london borough of redbridge,RDB
london borough of richmond upon thames,RIC
london borough of southwark,SWK
london borough of sutton,STN
london borough of tower hamlets,TWH
london borough of waltham forest,WFT
london borough of wandsworth,WND
luton,LUT
luton borough council,LUT
manchester,MAN
manchester city council,MAN
manchester district,MAN
medway,MDW
medway council,MDW
merthyr tudful,MTY
merthyr tydfil,MTY
merthyr tydfil county borough council,MTY
merthyr tydfil ua,MTY
merton,MRT
merton london boro,MRT
mid and east antrim,MEA
mid ulster,MUL
middlesbrough,MDB
middlesbrough borough council,MDB
midlothian,MLN
midlothian council,MLN
milton keynes,MIK
milton keynes council,MIK
monmouthshire,MON
monmouthshire county council,MON
moray,MRY
moray council,MRY
na h-eileanan an iar,ELS
neath port talbot,NTL
neath port talbot county borough council,NTL
newcastle city council,NET
newcastle upon tyne,NET
newcastle upon tyne district,NET
newcastle-under-lyme,NED
newcastle-under-lyme district,NED
newcastle-under-lyme district council,NED
newham,NWM
newham london boro,NWM
newport,NWP
newport city council,NWP
"newry, mourne and down",NMD
norfolk,NFK
norfolk county,NFK
norfolk county council,NFK
north ayrshire,NAY
north ayrshire council,NAY
north devon,NDE
north devon council,NDE
north devon district,NDE
north dorset,NDO
north dorset district,NDO
north dorset district council,NDO
north down and ards,AND
north east lincolnshire,NEL
north east lincolnshire council,NEL
north lanarkshire,NLK
north lanarkshire council,NLK
north lincolnshire,NLN
north lincolnshire council,NLN
north somerset,NSM
north somerset council,NSM
north tyneside,NTY
north tyneside council,NTY
north tyneside district,NTY
north west leicestershire,NWL
north west leicestershire district,NWL
north west leicestershire district council,NWL
north west somerset,NSM
north yorkshire,NYK
north yorkshire county,NYK
north yorkshire county council,NYK
northamptonshire,NTH
northamptonshire county,NTH
northamptonshire county council,NTH
northumberland,NBL
northumberland council,NBL
nottingham,NGM
nottingham city,NGM
nottingham city council,NGM
nottinghamshire,NTT
nottinghamshire county,NTT
nottinghamshire county council,NTT
oldham,OLD
oldham district,OLD
oldham metropolitan borough council,OLD
orkney,ORK
orkney islands,ORK
orkney islands council,ORK
oxfordshire,OXF
oxfordshire county,OXF
oxfordshire county council,OXF
pembrokeshire,PEM
pembrokeshire county council,PEM
pen-y-bont ar ogwr,BGE
perth and kinross,PKN
perth and kinross council,PKN
peterborough,PTE
peterborough city,PTE
peterborough city council,PTE
plymouth,PLY
plymouth city,PLY
plymouth city council,PLY
poole,POL
portsmouth,POR
portsmouth city council,POR
powys,POW
powys county council,POW
reading,RDG
reading borough council,RDG
redbridge,RDB
redbridge london boro,RDB
redcar and cleveland,RCC
redcar and cleveland borough council,RCC
renfrewshire,RFW
renfrewshire council,RFW
rhondda cynon taf,RCT
rhondda cynon taf county borough council,RCT
rhondda cynon taff,RCT
"rhondda, cynon, taff",RCT
"rhondda,cynon,taff",RCT
richmond upon thames,RIC
richmond upon thames london boro,RIC
richmond-upon-thames,RIC
richmondshire,RIH
richmondshire district,RIH
richmondshire district council,RIH
rochdale,RCH
rochdale district,RCH
rochdale metropolitan borough council,RCH
rotherham,ROT
rotherham district,ROT
rotherham metropolitan borough council,ROT
royal borough of greenwich,GRE
royal borough of kensington and chelsea,KEC
royal borough of kingston upon thames,KTT
royal borough of windsor and maidenhead,WNM
rutland,RUT
rutland county council,RUT
salford,SLF
salford city council,SLF
salford district,SLF
sandwell,SAW
sandwell district,SAW
sandwell metropolitan borough council,SAW
scarborough,SCB
scarborough borough council,SCB
scarborough district,SCB
scottish borders,SCB
sefton,SFT
sefton council,SFT
sefton district,SFT
sefton metropolitan borough council,SFT
sheffield,SHF
sheffield city council,SHF
sheffield district,SHF
shetland,ZET
shetland islands,ZET
shetland islands council,ZET
shropshire,SHR
shropshire council,SHR
sir benfro,PEM
sir ddinbych,DEN
sir fynwy,MON
sir gaerfyrddin,CMN
sir y fflint,FLN
slough,SLG
slough borough council,SLG
somerset,SOM
somerset county,SOM
somerset county council,SOM
south ayrshire,SAY
south ayrshire council,SAY
south ayshire,SAY
south gloucestershire,SGC
south gloucestershire council,SGC
south hams,SHA
south hams district,SHA
south hams district council,SHA
south holland,SHO
south holland district,SHO
south holland district council,SHO
south lakeland,SLA
south lakeland district,SLA
south lakeland district council,SLA
south lanarkshire,SLK
south lanarkshire council,SLK
south oxfordshire,SOX
south oxfordshire district,SOX
south oxfordshire district council,SOX
south staffordshire,SST
south staffordshire council,SST
south staffordshire district,SST
south tyneside,STY
south tyneside council,STY
south tyneside district,STY
southampton,STH
southampton city council,STH
southwark,SWK
southwark london boro,SWK
st helens,SHN
st helens council,SHN
st. helens,SHN
st. helens district,SHN
stafford,STA
stafford borough council,STA
stafford district,STA
staffordshire,STS
staffordshire county,STS
staffordshire county council,STS
stevenage,STV
stevenage borough council,STV
stevenage district,STV
stirling,STG
stirling council,STG
stockport,SKP
stockport district,SKP
stockport metropolitan borough council,SKP
stockton on tees,STT
stockton-on-tees,STT
stockton-on-tees borough council,STT
suffolk,SFK
suffolk county,SFK
suffolk county council,SFK
sunderland,SND
sunderland city council,SND
sunderland district,SND
surrey,SRY
surrey county,SRY
surrey county council,SRY
sutton,STN
sutton london boro,STN
swansea,SWA
swindon,SWD
swindon borough council,SWD
tameside,TAM
tameside district,TAM
tameside metropolitan borough council,TAM
telford and wrekin,TFW
telford and wrekin council,TFW
the city of brighton and hove,BNH
the highland council,HLD
the scottish borders,SCB
the vale of glamorgan,VGL
torbay,TOB
torbay council,TOB
torfaen,TOF
torfaen county borough council,TOF
tower hamlets,TWH
tower hamlets london boro,TWH
trafford,TRF
trafford council,TRF
trafford district,TRF
vale of glamorgan,VGL
vale of glamorgan council,VGL
wakefield,WKF
wakefield district,WKF
wakefield metropolitan district council,WKF
walsall,WLL
walsall council,WLL
walsall district,WLL
waltham forest,WFT
waltham forest london boro,WFT
wandsworth,WND
wandsworth london boro,WND
warrington,WRT
warrington borough council,WRT
west berkshire,WBK
west berkshire council,WBK
west devon,WDE
west devon borough council,WDE
west devon district,WDE
west dorset,WDO
west dorset district,WDO
west dorset district council,WDO
west dunbartonshire,WDU
west dunbartonshire council,WDU
west lancashire,WLA
west lancashire borough council,WLA
west lancashire district,WLA
west lindsey,WLI
west lindsey district,WLI
west lindsey district council,WLI
west lothian,WLN
west lothian council,WLN
west sussex,WSX
west sussex county,WSX
west sussex county council,WSX
western isles,ELS
westminster,WSM
wigan,WGN
wigan council,WGN
wigan district,WGN
wiltshire,WIL
wiltshire council,WIL
windsor and maidenhead,WNM
wirral,WRL
wirral council,WRL
wirral district,WRL
wokingham,WOK
wokingham borough council,WOK
wolverhampton,WLV
wolverhampton city council,WLV
worcester,WOC
worcester city,WOC
worcester city council,WOC
worcester district,WOC
worcestershire,WOR
worcestershire county,WOR
worcestershire county council,WOR
wrecsam,WRX
wrexham,WRX
wrexham county borough council,WRX
wyre,WYC
wyre council,WYC
wyre district,WYC
ynys mn,AGY
york,YOR
