la name,local-authority-code
Greater London Authority,GLA
Greater London,GLA
City of London Corporation,LND
City of London,LND
Worthing Borough Council,WOT
Worthing,WOT
Mid Sussex District Council,MSS
Mid Sussex,MSS
Horsham District Council,HOR
Horsham,HOR
Crawley Borough Council,CRW
Crawley,CRW
Chichester District Council,CHI
Chichester,CHI
Arun District Council,ARU
Arun,ARU
Adur District Council,ADU
Adur,ADU
West Sussex County Council,WSX
West Sussex,WSX
Wyre Forest District Council,WYE
Wyre Forest,WYE
Wychavon District Council,WYC
Wychavon,WYC
Worcester City Council,WOC
Worcester,WOC
Redditch Borough Council,RED
Redditch,RED
Malvern Hills District Council,MAV
Malvern Hills,MAV
Bromsgrove District Council,BRM
Bromsgrove,BRM
Worcestershire County Council,WOR
Worcestershire,WOR
Warwick District Council,WAW
Warwick,WAW
Stratford-on-Avon District Council,STR
Stratford-on-Avon,STR
Rugby Borough Council,RUG
Rugby,RUG
Nuneaton and Bedworth Borough Council,NUN
Nuneaton and Bedworth,NUN
Nuneaton & Bedworth,NUN
North Warwickshire Borough Council,NWA
North Warwickshire,NWA
Warwickshire County Council,WAR
Warwickshire,WAR
Tamworth Borough Council,TAW
Tamworth,TAW
Staffordshire Moorlands District Council,STF
Staffordshire Moorlands,STF
Stafford Borough Council,STA
Stafford,STA
South Staffordshire Council,SST
South Staffordshire,SST
Newcastle-under-Lyme Borough Council,NEC
Newcastle-under-Lyme,NEC
Lichfield District Council,LIF
Lichfield,LIF
East Staffordshire Borough Council,EST
East Staffordshire,EST
Cannock Chase District Council,CAN
Cannock Chase,CAN
Staffordshire County Council,STS
Staffordshire,STS
Woking Borough Council,WOI
Woking,WOI
Waverley Borough Council,WAE
Waverley,WAE
Tandridge District Council,TAN
Tandridge,TAN
Surrey Heath Borough Council,SUR
Surrey Heath,SUR
Spelthorne Borough Council,SPE
Spelthorne,SPE
Runnymede Borough Council,RUN
Runnymede,RUN
Reigate and Banstead Borough Council,REI
Reigate and Banstead,REI
Reigate & Banstead,REI
Mole Valley District Council,MOL
Mole Valley,MOL
Guildford Borough Council,GRT
Guildford,GRT
Epsom and Ewell Borough Council,EPS
Epsom and Ewell,EPS
Epsom & Ewell,EPS
Elmbridge Borough Council,ELM
Elmbridge,ELM
Surrey County Council,SRY
Surrey,SRY
West Somerset District Council,WSO
West Somerset,WSO
Taunton Deane Borough Council,TAU
Taunton Deane,TAU
South Somerset District Council,SSO
South Somerset,SSO
Sedgemoor District Council,SEG
Sedgemoor,SEG
Mendip District Council,MEN
Mendip,MEN
Somerset County Council,SOM
Somerset,SOM
Waveney District Council,WAV
Waveney,WAV
Suffolk Coastal District Council,SUF
Suffolk Coastal,SUF
St Edmundsbury Borough Council,SED
St Edmundsbury,SED
Mid Suffolk District Council,MSU
Mid Suffolk,MSU
Ipswich Borough Council,IPS
Ipswich,IPS
Forest Heath District Council,FOR
Forest Heath,FOR
Babergh District Council,BAB
Babergh,BAB
Suffolk County Council,SFK
Suffolk,SFK
West Oxfordshire District Council,WOX
West Oxfordshire,WOX
Vale of White Horse District Council,VAL
Vale of White Horse,VAL
South Oxfordshire District Council,SOX
South Oxfordshire,SOX
Oxford City Council,OXO
Oxford,OXO
Cherwell District Council,CHR
Cherwell,CHR
Oxfordshire County Council,OXF
Oxfordshire,OXF
Selby District Council,SEL
Selby,SEL
Scarborough Borough Council,SCE
Scarborough,SCE
Ryedale District Council,RYE
Ryedale,RYE
Richmondshire District Council,RIH
Richmondshire,RIH
Harrogate Borough Council,HAG
Harrogate,HAG
Hambleton District Council,HAE
Hambleton,HAE
Craven District Council,CRA
Craven,CRA
North Yorkshire County Council,NYK
North Yorkshire,NYK
Rushcliffe Borough Council,RUS
Rushcliffe,RUS
Newark and Sherwood District Council,NEA
Newark and Sherwood,NEA
Newark & Sherwood,NEA
Mansfield District Council,MAS
Mansfield,MAS
Gedling Borough Council,GED
Gedling,GED
Broxtowe Borough Council,BRT
Broxtowe,BRT
Bassetlaw District Council,BAE
Bassetlaw,BAE
Ashfield District Council,ASH
Ashfield,ASH
Nottinghamshire County Council,NTT
Nottinghamshire,NTT
Wellingborough Borough Council,WEL
Wellingborough,WEL
South Northamptonshire Council,SNR
South Northamptonshire,SNR
Northampton Borough Council,NOR
Northampton,NOR
Kettering Borough Council,KET
Kettering,KET
East Northamptonshire Council,ENO
East Northamptonshire,ENO
Daventry District Council,DAV
Daventry,DAV
Corby Borough Council,COR
Corby,COR
Northamptonshire County Council,NTH
Northamptonshire,NTH
South Norfolk District Council,SNO
South Norfolk,SNO
Norwich City Council,NOW
Norwich,NOW
North Norfolk District Council,NNO
North Norfolk,NNO
Borough Council of Kings Lynn and West Norfolk,KIN
Kings Lynn and West Norfolk,KIN
King's Lynn & West Norfolk,KIN
Kings Lynn & West Norfolk,KIN
Great Yarmouth Borough Council,GRY
Great Yarmouth,GRY
Broadland District Council,BRO
Broadland,BRO
Breckland District Council,BRE
Breckland,BRE
Norfolk County Council,NFK
Norfolk,NFK
West Lindsey District Council,WLI
West Lindsey,WLI
South Kesteven District Council,SKE
South Kesteven,SKE
South Holland District Council,SHO
South Holland,SHO
North Kesteven District Council,NKE
North Kesteven,NKE
City of Lincoln Council,LIC
City of Lincoln,LIC
Lincoln,LIC
East Lindsey District Council,ELI
East Lindsey,ELI
Boston Borough Council,BOT
Boston,BOT
Lincolnshire County Council,LIN
Lincolnshire,LIN
Oadby and Wigston Borough Council,OAD
Oadby and Wigston,OAD
Oadby & Wigston,OAD
North West Leicestershire District Council,NWL
North West Leicestershire,NWL
Melton Borough Council,MEL
Melton,MEL
Hinckley and Bosworth Borough Council,HIN
Hinckley and Bosworth,HIN
Hinckley & Bosworth,HIN
Harborough District Council,HAO
Harborough,HAO
Charnwood Borough Council,CHA
Charnwood,CHA
Blaby District Council,BLA
Blaby,BLA
Leicestershire County Council,LEC
Leicestershire,LEC
Wyre Borough Council,WYR
Wyre,WYR
West Lancashire Borough Council,WLA
West Lancashire,WLA
South Ribble Borough Council,SRI
South Ribble,SRI
Rossendale Borough Council,ROS
Rossendale,ROS
Ribble Valley Borough Council,RIB
Ribble Valley,RIB
Preston City Council,PRE
Preston,PRE
Pendle Borough Council,PEN
Pendle,PEN
Lancaster City Council,LAC
Lancaster,LAC
Hyndburn Borough Council,HYN
Hyndburn,HYN
Fylde Borough Council,FYL
Fylde,FYL
Chorley Borough Council,CHO
Chorley,CHO
Burnley Borough Council,BUN
Burnley,BUN
Lancashire County Council,LAN
Lancashire,LAN
Tunbridge Wells Borough Council,TUN
Tunbridge Wells,TUN
Tonbridge and Malling Borough Council,TON
Tonbridge and Malling,TON
Tonbridge & Malling,TON
Thanet District Council,THA
Thanet,THA
Swale Borough Council,SWL
Swale,SWL
Shepway District Council,SHE
Shepway,SHE
Sevenoaks District Council,SEV
Sevenoaks,SEV
Maidstone Borough Council,MAI
Maidstone,MAI
Gravesham Borough Council,GRA
Gravesham,GRA
Dover District Council,DOV
Dover,DOV
Dartford Borough Council,DAR
Dartford,DAR
Canterbury City Council,CAT
Canterbury,CAT
Ashford Borough Council,ASF
Ashford,ASF
Kent County Council,KEN
Kent,KEN
Welwyn Hatfield Borough Council,WEW
Welwyn Hatfield,WEW
Watford Borough Council,WAT
Watford,WAT
Three Rivers District Council,THE
Three Rivers,THE
Stevenage Borough Council,STV
Stevenage,STV
St Albans City and District Council,SAL
St Albans,SAL
North Hertfordshire District Council,NHE
North Hertfordshire,NHE
Hertsmere Borough Council,HER
Hertsmere,HER
East Hertfordshire District Council,EHE
East Hertfordshire,EHE
Dacorum Borough Council,DAC
Dacorum,DAC
Broxbourne Borough Council,BRX
Broxbourne,BRX
Hertfordshire County Council,HRT
Hertfordshire,HRT
Winchester City Council,WIN
Winchester,WIN
Test Valley Borough Council,TES
Test Valley,TES
Rushmoor Borough Council,RUH
Rushmoor,RUH
New Forest District Council,NEW
New Forest,NEW
Havant Borough Council,HAA
Havant,HAA
Hart District Council,HAT
Hart,HAT
Gosport Borough Council,GOS
Gosport,GOS
Fareham Borough Council,FAR
Fareham,FAR
Eastleigh Borough Council,EAT
Eastleigh,EAT
East Hampshire District Council,EHA
East Hampshire,EHA
Basingstoke and Deane Borough Council,BAN
Basingstoke and Deane,BAN
Basingstoke & Deane,BAN
Hampshire County Council,HAM
Hampshire,HAM
Tewkesbury Borough Council,TEW
Tewkesbury,TEW
Stroud District Council,STO
Stroud,STO
Gloucester City Council,GLO
Gloucester,GLO
Forest of Dean District Council,FOE
Forest of Dean,FOE
Cotswold District Council,COT
Cotswold,COT
Cheltenham Borough Council,CHT
Cheltenham,CHT
Gloucestershire County Council,GLS
Gloucestershire,GLS
City of Westminster,WSM
Westminster,WSM
London Borough of Wandsworth,WND
Wandsworth,WND
London Borough of Waltham Forest,WFT
Waltham Forest,WFT
London Borough of Tower Hamlets,TWH
Tower Hamlets,TWH
London Borough of Southwark,SWK
Southwark,SWK
London Borough of Sutton,STN
Sutton,STN
London Borough of Richmond upon Thames,RIC
Richmond upon Thames,RIC
London Borough of Redbridge,RDB
Redbridge,RDB
London Borough of Newham,NWM
Newham,NWM
London Borough of Merton,MRT
Merton,MRT
London Borough of Lewisham,LEW
Lewisham,LEW
London Borough of Lambeth,LBH
Lambeth,LBH
Royal Borough of Kingston upon Thames,KTT
Kingston upon Thames,KTT
Royal Borough of Kensington and Chelsea,KEC
Kensington and Chelsea,KEC
Kensington & Chelsea,KEC
London Borough of Islington,ISL
Islington,ISL
London Borough of Haringey,HRY
Haringey,HRY
London Borough of Harrow,HRW
Harrow,HRW
London Borough of Hounslow,HNS
Hounslow,HNS
London Borough of Hammersmith & Fulham,HMF
Hammersmith and Fulham,HMF
Hammersmith & Fulham,HMF
London Borough of Hillingdon,HIL
Hillingdon,HIL
London Borough of Hackney,HCK
Hackney,HCK
London Borough of Havering,HAV
Havering,HAV
Royal Borough of Greenwich,GRE
Greenwich,GRE
London Borough of Enfield,ENF
Enfield,ENF
London Borough of Ealing,EAL
Ealing,EAL
London Borough of Croydon,CRY
Croydon,CRY
London Borough of Camden,CMD
Camden,CMD
London Borough of Bromley,BRY
Bromley,BRY
London Borough of Barnet,BNE
Barnet,BNE
London Borough of Bexley,BEX
Bexley,BEX
London Borough of Brent,BEN
Brent,BEN
London Borough of Barking and Dagenham,BDG
Barking and Dagenham,BDG
Barking & Dagenham,BDG
Wealden District Council,WEA
Wealden,WEA
Rother District Council,ROH
Rother,ROH
Lewes District Council,LEE
Lewes,LEE
Hastings Borough Council,HAS
Hastings,HAS
Eastbourne Borough Council,EAS
Eastbourne,EAS
East Sussex County Council,ESX
East Sussex,ESX
Uttlesford District Council,UTT
Uttlesford,UTT
Tendring District Council,TEN
Tendring,TEN
Rochford District Council,ROC
Rochford,ROC
Maldon District Council,MAL
Maldon,MAL
Harlow District Council,HAR
Harlow,HAR
Epping Forest District Council,EPP
Epping Forest,EPP
Colchester Borough Council,COL
Colchester,COL
Chelmsford City Council,CHL
Chelmsford,CHL
Castle Point Borough Council,CAS
Castle Point,CAS
Brentwood Borough Council,BRW
Brentwood,BRW
Braintree District Council,BRA
Braintree,BRA
Basildon Borough Council,BAI
Basildon,BAI
Essex County Council,ESS
Essex,ESS
Weymouth and Portland Borough Council,WEY
Weymouth and Portland,WEY
Weymouth & Portland,WEY
West Dorset District Council,WDO
West Dorset,WDO
Purbeck District Council,PUR
Purbeck,PUR
North Dorset District Council,NDO
North Dorset,NDO
East Dorset District Council,EDO
East Dorset,EDO
Christchurch Borough Council,CHC
Christchurch,CHC
Dorset County Council,DOR
Dorset,DOR
West Devon Borough Council,WDE
West Devon,WDE
Torridge District Council,TOR
Torridge,TOR
Teignbridge District Council,TEI
Teignbridge,TEI
South Hams District Council,SHA
South Hams,SHA
North Devon District Council,NDE
North Devon,NDE
Mid Devon District Council,MDE
Mid Devon,MDE
Exeter City Council,EXE
Exeter,EXE
East Devon District Council,EDE
East Devon,EDE
Devon County Council,DEV
Devon,DEV
South Derbyshire District Council,SDE
South Derbyshire,SDE
North East Derbyshire District Council,NED
North East Derbyshire,NED
High Peak Borough Council,HIG
High Peak,HIG
Erewash Borough Council,ERE
Erewash,ERE
Derbyshire Dales District Council,DEB
Derbyshire Dales,DEB
Chesterfield Borough Council,CHS
Chesterfield,CHS
Bolsover District Council,BOS
Bolsover,BOS
Amber Valley Borough Council,AMB
Amber Valley,AMB
Derbyshire County Council,DBY
Derbyshire,DBY
Derby City Council,DER
Derby,DER
Derby City UA,DER
Derby UA,DER
South Lakeland District Council,SLA
South Lakeland,SLA
Eden District Council,EDN
Eden,EDN
Copeland Borough Council,COP
Copeland,COP
Carlisle City Council,CAR
Carlisle,CAR
Barrow-in-Furness Borough Council,BAR
Barrow-in-Furness,BAR
Allerdale Borough Council,ALL
Allerdale,ALL
Cumbria County Council,CMA
Cumbria,CMA
South Cambridgeshire District Council,SCA
South Cambridgeshire,SCA
Huntingdonshire District Council,HUN
Huntingdonshire,HUN
Fenland District Council,FEN
Fenland,FEN
East Cambridgeshire District Council,ECA
East Cambridgeshire,ECA
Cambridge City Council,CAB
Cambridge,CAB
Cambridgeshire County Council,CAM
Cambridgeshire,CAM
Wycombe District Council,WYO
Wycombe,WYO
South Bucks District Council,SBU
South Bucks,SBU
Chiltern District Council,CHN
Chiltern,CHN
Aylesbury Vale District Council,AYL
Aylesbury Vale,AYL
Buckinghamshire County Council,BKM
Buckinghamshire,BKM
City of York Council,YOR
York,YOR
York UA,YOR
Warrington Borough Council,WRT
Warrington,WRT
Warrington UA,WRT
Wirral Borough Council,WRL
Wirral,WRL
Wokingham Borough Council,WOK
Wokingham,WOK
Wokingham UA,WOK
Royal Borough of Windsor and Maidenhead,WNM
Windsor and Maidenhead,WNM
Windsor & Maidenhead UA,WNM
City of Wolverhampton Council,WLV
Wolverhampton,WLV
Walsall Metropolitan Borough Council,WLL
Walsall,WLL
Wakefield Metropolitan District Council,WKF
Wakefield,WKF
Wiltshire Council,WIL
Wiltshire,WIL
Wiltshire UA,WIL
Wigan Metropolitan Borough Council,WGN
Wigan,WGN
West Berkshire Council,WBK
West Berkshire,WBK
West Berkshire UA,WBK
Trafford Metropolitan Borough Council,TRF
Trafford,TRF
Torbay Council,TOB
Torbay,TOB
Torbay UA,TOB
Thurrock Council,THR
Thurrock,THR
Thurrock UA,THR
Telford & Wrekin Council,TFW
Telford and Wrekin,TFW
Telford and the Wrekin UA,TFW
Telford & Wrekin UA,TFW
Tameside Metropolitan Borough Council,TAM
Tameside,TAM
Swindon Borough Council,SWD
Swindon,SWD
Swindon UA,SWD
South Tyneside Council,STY
South Tyneside,STY
Stockton-on-Tees Borough Council,STT
Stockton-on-Tees,STT
Stockton-On-Tees UA,STT
Stockton On Tees UA,STT
Southampton City Council,STH
Southampton,STH
Southampton UA,STH
Stoke-on-Trent City Council,STE
Stoke-on-Trent,STE
Stoke-On-Trent UA,STE
Southend-on-Sea Borough Council,SOS
Southend-on-Sea,SOS
Southend-on-Sea UA,SOS
Southend UA,SOS
Solihull Metropolitan Borough Council,SOL
Solihull,SOL
Sunderland City Council,SND
Sunderland,SND
Slough Borough Council,SLG
Slough,SLG
Slough UA,SLG
Salford City Council,SLF
Salford,SLF
Stockport Metropolitan Borough Council,SKP
Stockport,SKP
Shropshire Council,SHR
Shropshire,SHR
Shropshire UA,SHR
St Helens Council,SHN
St. Helens,SHN
St Helens,SHN
Sheffield City Council,SHF
Sheffield,SHF
South Gloucestershire Council,SGC
South Gloucestershire,SGC
South Gloucestershire UA,SGC
Sefton Metropolitan Borough Council,SFT
Sefton,SFT
Sandwell Metropolitan Borough Council,SAW
Sandwell,SAW
Rutland County Council,RUT
Rutland,RUT
Rutland UA,RUT
Rotherham Metropolitan Borough Council,ROT
Rotherham,ROT
Reading Borough Council,RDG
Reading,RDG
Reading UA,RDG
Rochdale Metropolitan Borough Council,RCH
Rochdale,RCH
Redcar and Cleveland Borough Council,RCC
Redcar and Cleveland,RCC
Redcar & Cleveland UA,RCC
Peterborough City Council,PTE
Peterborough,PTE
Peterborough UA,PTE
Portsmouth City Council,POR
Portsmouth,POR
Portsmouth UA,POR
Borough of Poole,POL
Poole,POL
Poole UA,POL
Plymouth City Council,PLY
Plymouth,PLY
Plymouth UA,PLY
Oldham Metropolitan Borough Council,OLD
Oldham,OLD
North Tyneside Council,NTY
North Tyneside,NTY
North Somerset  Council,NSM
North Somerset,NSM
North Somerset UA,NSM
North Lincolnshire Council,NLN
North Lincolnshire,NLN
North Lincolnshire UA,NLN
Nottingham City Council,NGM
Nottingham,NGM
City of Nottingham UA,NGM
Nottingham UA,NGM
Newcastle City Council,NET
Newcastle upon Tyne,NET
North East Lincolnshire Council,NEL
North East Lincolnshire,NEL
North East Lincolnshire UA,NEL
Northumberland County Council,NBL
Northumberland,NBL
Northumberland UA,NBL
Milton Keynes Council,MIK
Milton Keynes,MIK
Milton Keynes UA,MIK
Medway Council,MDW
Medway,MDW
The Medway Towns UA,MDW
Medway Towns UA,MDW
Middlesbrough Borough Council,MDB
Middlesbrough,MDB
Middlesbrough UA,MDB
Manchester City Council,MAN
Manchester,MAN
Luton Borough Council,LUT
Luton,LUT
Luton UA,LUT
Liverpool City Council,LIV
Liverpool,LIV
Leeds City Council,LDS
Leeds,LDS
Leicester City Council,LCE
Leicester,LCE
Leicester City UA,LCE
Leicester UA,LCE
Knowsley Metropolitan Borough Council,KWL
Knowsley,KWL
Kirklees Council,KIR
Kirklees,KIR
Hull City Council,KHL
Kingston upon Hull,KHL
"Kingston upon Hull, City of",KHL
Kingston Upon Hull UA,KHL
Isle of Wight Council,IOW
Isle of Wight,IOW
Isle Of Wight UA,IOW
Council of the Isles of Scilly,IOS
Isles of Scilly,IOS
Hartlepool Borough Council,HPL
Hartlepool,HPL
Hartlepool UA,HPL
Herefordshire Council,HEF
Herefordshire,HEF
Herefordshire UA,HEF
Halton Borough Council,HAL
Halton,HAL
Halton UA,HAL
Gateshead Metropolitan Borough Council,GAT
Gateshead,GAT
East Riding of Yorkshire Council,ERY
East Riding of Yorkshire,ERY
East Riding Of Yorkshire UA,ERY
Durham County Council,DUR
County Durham,DUR
Durham,DUR
Durham UA,DUR
Dudley Metropolitan Borough Council,DUD
Dudley,DUD
Doncaster Metropolitan Borough Council,DNC
Doncaster,DNC
Darlington Borough Council,DAL
Darlington,DAL
Darlington UA,DAL
Coventry City Council,COV
Coventry,COV
Cornwall Council,CON
Cornwall,CON
Cornwall UA,CON
Calderdale Metropolitan Borough Council,CLD
Calderdale,CLD
Cheshire West and Chester Council,CHW
Cheshire West and Chester,CHW
Cheshire West And Chester UA,CHW
Cheshire East Council,CHE
Cheshire East,CHE
Cheshire East UA,CHE
Central Bedfordshire Council,CBF
Central Bedfordshire,CBF
Central Bedfordshire UA,CBF
Bury Metropolitan Borough Council,BUR
Bury,BUR
Bristol City Council,BST
City of Bristol,BST
"Bristol, City of",BST
Bristol UA,BST
City of Bradford Metropolitan District Council,BRD
Bradford,BRD
Bracknell Forest Council,BRC
Bracknell Forest,BRC
Bracknell Forest UA,BRC
Blackpool Borough Council,BPL
Blackpool,BPL
Blackpool UA,BPL
Bolton Metropolitan Borough Council,BOL
Bolton,BOL
Barnsley Metropolitan Borough Council,BNS
Barnsley,BNS
Brighton and Hove City Council,BNH
Brighton and Hove,BNH
Brighton & Hove UA,BNH
Bournemouth Borough Council,BMH
Bournemouth,BMH
Bournemouth UA,BMH
Birmingham City Council,BIR
Birmingham,BIR
Bedford Borough Council,BDF
Bedford,BDF
Bedford UA,BDF
Blackburn with Darwen Borough Council,BBD
Blackburn with Darwen,BBD
Blackburn With Darwen UA,BBD
Bath and North East Somerset Council,BAS
Bath and North East Somerset,BAS
Bath & North East Somerset UA,BAS
Aberdeenshire Council,ABD
Aberdeenshire,ABD
Aberdeen City Council,ABE
Aberdeen City,ABE
Argyll and Bute Council,AGB
Argyll and Bute,AGB
Angus Council,ANS
Angus,ANS
Clackmannanshire Council,CLK
Clackmannanshire,CLK
Dumfries and Galloway Council,DGY
Dumfries and Galloway,DGY
Dumfries & Galloway Council,DGY
Dundee City Council,DND
Dundee City,DND
East Ayrshire Council,EAY
East Ayrshire,EAY
City of Edinburgh Council,EDH
City of Edinburgh,EDH
East Dunbartonshire Council,EDU
East Dunbartonshire,EDU
East Lothian Council,ELN
East Lothian,ELN
Comhairle nan Eilean Siar,ELS
Eilean Siar,ELS
Western Isles Council,ELS
Na h-Eileanan Siar,ELS
East Renfrewshire Council,ERW
East Renfrewshire,ERW
Falkirk Council,FAL
Falkirk,FAL
Fife Council,FIF
Fife,FIF
Glasgow City Council,GLG
Glasgow City,GLG
The Highland Council,HLD
Highland,HLD
Highland Council,HLD
Inverclyde Council,IVC
Inverclyde,IVC
Midlothian Council,MLN
Midlothian,MLN
The Moray Council,MRY
Moray,MRY
Moray Council,MRY
North Ayrshire Council,NAY
North Ayrshire,NAY
North Lanarkshire Council,NLK
North Lanarkshire,NLK
Orkney Islands Council,ORK
Orkney Islands,ORK
Perth and Kinross Council,PKN
Perth and Kinross,PKN
Renfrewshire Council,RFW
Renfrewshire,RFW
South Ayrshire Council,SAY
South Ayrshire,SAY
Scottish Borders Council,SCB
The Scottish Borders,SCB
South Lanarkshire Council,SLK
South Lanarkshire,SLK
Stirling Council,STG
Stirling,STG
West Dunbartonshire Council,WDU
West Dunbartonshire,WDU
West Lothian Council,WLN
West Lothian,WLN
Shetland Islands Council,ZET
Shetland Islands,ZET
Isle of Anglesey County Council,AGY
Isle of Anglesey,AGY
Sir Ynys Môn,AGY
Bridgend County Borough Council,BGE
Bridgend,BGE
Pen-y-bont ar Ogwr,BGE
Blaenau Gwent County Borough Council,BGW
Blaenau Gwent,BGW
Blaenau Gwent,BGW
Caerphilly County Borough Council,CAY
Caerphilly,CAY
Caerffili,CAY
Ceredigion County Council,CGN
Ceredigion,CGN
Ceredigion,CGN
Carmarthenshire County Council,CMN
Carmarthenshire,CMN
Sir Gaerfyrddin,CMN
City of Cardiff Council,CRF
Cardiff,CRF
Caerdydd,CRF
The City of Cardiff Council,CRF
Conwy County Borough Council,CWY
Conwy,CWY
Conwy,CWY
Denbighshire County Council,DEN
Denbighshire,DEN
Sir Ddinbych,DEN
Flintshire County Council,FLN
Flintshire,FLN
Sir y Fflint,FLN
Gwynedd Council,GWN
Gwynedd,GWN
Gwynedd,GWN
Monmouthshire County Council,MON
Monmouthshire,MON
Sir Fynwy,MON
Merthyr Tydfil County Borough Council,MTY
Merthyr Tydfil,MTY
Merthyr Tudful,MTY
Neath Port Talbot County Borough Council,NTL
Neath Port Talbot,NTL
Castell-nedd Port Talbot,NTL
Newport City Council,NWP
Newport,NWP
Casnewydd,NWP
Pembrokeshire County Council,PEM
Pembrokeshire,PEM
Sir Benfro,PEM
Powys County Council,POW
Powys,POW
Powys,POW
Rhondda Cynon Taf County Borough Council,RCT
Rhondda Cynon Taff,RCT
City and County of Swansea Council,SWA
Swansea,SWA
Abertawe,SWA
City and County of Swansea,SWA
Torfaen County Borough Council,TOF
Torfaen,TOF
Tor-faen,TOF
Vale of Glamorgan Council,VGL
The Vale of Glamorgan,VGL
Bro Morgannwg,VGL
Wrexham County Borough Council,WRX
Wrexham,WRX
Wrecsam,WRX
"Armagh City, Banbridge and Craigavon Borough Council",ABC
"Armagh City, Banbridge and Craigavon",ABC
Ards and North Down Borough Council,AND
Ards and North Down,AND
Antrim and Newtownabbey Borough Council,ANN
Antrim and Newtownabbey,ANN
Belfast City Council,BFS
Belfast,BFS
Causeway Coast and Glens Borough Council,CCG
Causeway Coast and Glens,CCG
Derry City and Strabane District Council,DRS
Derry City and Strabane,DRS
Fermanagh and Omagh District Council,FMO
Fermanagh and Omagh,FMO
Lisburn and Castlereagh City Council,LBC
Lisburn and Castlereagh,LBC
Mid and East Antrim Borough Council,MEA
Mid and East Antrim,MEA
Mid Ulster District Council,MUL
Mid Ulster,MUL
Mid-Ulster District Council,MUL
"Newry, Mourne and Down District Council",NMD
"Newry, Mourne and Down ",NMD
Derry City Council,NIR-A
Derry,NIR-A
Limavady Borough Council,NIR-B
Limavady,NIR-B
Coleraine Borough Council,NIR-C
Coleraine,NIR-C
Ballymoney Borough Council,NIR-D
Ballymoney,NIR-D
Moyle District Council,NIR-E
Moyle,NIR-E
Larne Borough Council,NIR-F
Larne,NIR-F
Ballymena Borough Council,NIR-G
Ballymena,NIR-G
Magherafelt District Council,NIR-H
Magherafelt,NIR-H
Cookstown District Council,NIR-I
Cookstown,NIR-I
Strabane District Council,NIR-J
Strabane,NIR-J
Omagh District Council,NIR-K
Omagh,NIR-K
Fermanagh District Council,NIR-L
Fermanagh,NIR-L
Dungannon and South Tyrone Borough Council,NIR-M
Dungannon and South Tyrone,NIR-M
Craigavon Borough Council,NIR-N
Craigavon,NIR-N
Armagh City and District Council,NIR-O
Armagh City,NIR-O
Newry and Mourne District Council,NIR-P
Newry and Mourne,NIR-P
Banbridge District Council,NIR-Q
Banbridge,NIR-Q
Down District Council,NIR-R
Down,NIR-R
Lisburn City Council,NIR-S
Lisburn,NIR-S
Antrim Borough Council,NIR-T
Antrim,NIR-T
Newtownabbey Borough Council,NIR-U
Newtownabbey,NIR-U
Carrickfergus Borough Council,NIR-V
Carrickfergus,NIR-V
North Down Borough Council,NIR-W
North Down,NIR-W
Ards Borough Council,NIR-X
Ards,NIR-X
Castlereagh Borough Council,NIR-Y
Castlereagh,NIR-Y
aberdeen c ity,ABE
aberdeen city,ABE
aberdeen city council,ABE
aberdeen cuty,ABE
aberdeenshire,ABD
aberdeenshire council,ABD
abertawe,SWA
adur,ADD
adur district,ADD
adur district council,ADD
allerdale,ALB
allerdale borough council,ALB
allerdale district,ALB
amber valley,AMV
amber valley borough council,AMV
amber valley district,AMV
anglesey,AGY
angus,ANS
angus council,ANS
antrim,NIR-T
antrim and newtownabbey,ANN
antrim borough council,NIR-T
ards,NIR-X
ards and north down,AND
ards borough council,NIR-X
argyll and bute,AGB
argyll and bute council,AGB
armagh city,NIR-O
armagh city and district council,NIR-O
"armagh city, banbridge and craigavon",ABC
"armagh, banbridge and craigavon",ABC
arun,ARD
arun district,ARD
arun district council,ARD
ashfield,ASD
ashfield district,ASD
ashfield district council,ASD
ashford,ASB
ashford borough council,ASB
ashford district,ASB
aylesbury vale,AYV
aylesbury vale district,AYV
aylesbury vale district council,AYV
babergh,BBG
babergh district,BBG
babergh district council,BBG
ballymena,NIR-G
ballymena borough council,NIR-G
ballymoney,NIR-D
ballymoney borough council,NIR-D
banbridge,NIR-Q
banbridge district council,NIR-Q
barking and dagenham,BDG
barking and dagenham london boro,BDG
barnet,BNT
barnet london boro,BNT
barnsley,BNS
barnsley district,BNS
barnsley metropolitan borough council,BNS
barrow-in-furness,BIF
barrow-in-furness district,BIF
basildon,BAS
basildon borough council,BAS
basildon district,BAS
basingstoke and deane,BAA
basingstoke and deane borough council,BAA
basingstoke and deane district,BAA
bassetlaw,BLW
bassetlaw district,BLW
bassetlaw district council,BLW
bath and north east somerset,BNE
bath and north east somerset council,BNE
bedford,BDF
bedford borough council,BDF
belfast,BFS
belfast city,BFS
belfast city council,BFS
bexley,BEX
bexley london boro,BEX
birmingham,BIR
birmingham city council,BIR
birmingham district,BIR
blaby,BLD
blaby district,BLD
blaby district council,BLD
blackburn,BBD
blackburn with darwen,BBD
blackburn with darwen borough council,BBD
blackpool,BPL
blackpool borough council,BPL
blaenau gwent,BGW
blaenau gwent county borough council,BGW
bolsover,BOD
bolsover district,BOD
bolsover district council,BOD
bolton,BOL
bolton district,BOL
bolton metropolitan borough council,BOL
borough council of kings lynn and west norfolk,BOC
borough of barrow-in-furness,BIF
borough of broxbourne,BXB
borough of poole,POL
boston,BOB
boston borough council,BOB
boston district,BOB
bournemouth,BMH
bournemouth borough council,BMH
bracknell forest,BNF
bracknell forest council,BNF
bradford,BRD
bradford district,BRD
bradford mdc,BRD
bradford metropolitan district council,BRD
braintree,BRT
braintree district,BRT
braintree district council,BRT
breckland,BRL
breckland council,BRL
breckland district,BRL
brent,BEN
brent london boro,BEN
brentwood,BTW
brentwood borough council,BTW
brentwood district,BTW
bridgend,BGE
bridgend county borough,BGE
bridgend county borough council,BGE
brighton and hove,BNH
brighton and hove city council,BNH
bristol,BST
bristol city council,BST
bristol city of,BST
"bristol, city of",BST
bro morgannwg,VGL
broadland,BRO
broadland district,BRO
broadland district council,BRO
bromley,BRY
bromley london boro,BRY
bromsgrove,BRM
bromsgrove district,BRM
bromsgrove district council,BRM
broxbourne,BXB
broxbourne district,BXB
broxtowe,BXT
broxtowe borough council,BXT
broxtowe district,BXT
buckinghamshire,BKM
buckinghamshire county,BKM
buckinghamshire county council,BKM
burnley,BUB
burnley borough council,BUB
burnley district,BUB
bury,BUR
bury district,BUR
bury metropolitan borough council,BUR
caerdydd,CRF
caerffili,CAY
caerphilly,CAY
caerphilly county borough,CAY
caerphilly county borough council,CAY
calderdale,CLD
calderdale district,CLD
calderdale metropolitan borough council,CLD
cambridge,CCC
cambridge city,CCC
cambridge city council,CCC
cambridge district,CCC
cambridgeshire,CAM
cambridgeshire county,CAM
cambridgeshire county council,CAM
camden,CMD
camden london boro,CMD
cannock chase,CCH
cannock chase district,CCH
cannock chase district council,CCH
canterbury,CTB
canterbury city,CTB
canterbury city council,CTB
canterbury district,CTB
cardiff,CRF
carlisle,CRL
carlisle city,CRL
carlisle city council,CRL
carlisle district,CRL
carmarthenshire,CMN
carmarthenshire county council,CMN
carrickfergus,NIR-V
carrickfergus borough council,NIR-V
casnewydd,NWP
castell-nedd port talbot,NTL
castle point,CAP
castle point borough council,CAP
castle point district,CAP
castlereagh,NIR-Y
castlereagh borough council,NIR-Y
causeway coast and glens,CCG
central bedfordshire,CBF
central bedfordshire council,CBF
ceredigion,CGN
ceredigion county council,CGN
charnwood,CAW
charnwood borough council,CAW
charnwood district,CAW
chelmsford,CHC
chelmsford city council,CHC
chelmsford district,CHC
cheltenham,CHE
cheltenham borough council,CHE
cheltenham district,CHE
cherwell,CWL
cherwell district,CWL
cherwell district council,CWL
cheshire east,CEA
cheshire east council,CEA
cheshire west and chester,CWE
cheshire west and chester council,CWE
chesterfield,CSF
chesterfield borough council,CSF
chesterfield district,CSF
chichester,CHS
chichester district,CHS
chichester district council,CHS
chiltern,CTN
chiltern district,CTN
chiltern district council,CTN
chorley,CLY
chorley council,CLY
chorley district,CLY
christchurch,CRC
christchurch borough council,CRC
christchurch district,CRC
city and county of swansea council,SWA
city and county of the city of london,LND
city of aberdeen,ABE
city of brighton and hove,BNH
city of bristol,BST
city of cardiff council,CRF
city of derby,DER
city of dundee,DND
city of edinburgh,EDH
city of edinburgh council,EDH
city of glasgow,GLG
city of kingston upon hull,KHL
city of leicester,LCE
city of lincoln,CIO
city of lincoln council,CIO
city of london,LND
city of london corporation,LND
city of nottingham,NGM
city of peterborough,PTE
city of plymouth,PLY
city of portsmouth,POR
city of southampton,STH
city of stoke-on-trent,SOT
city of westminster,WSM
city of westminster london boro,WSM
city of wolverhampton,WLV
city of wolverhampton district,WLV
city of york council,YOR
clackmannan,CLK
clackmannanshire,CLK
clackmannanshire council,CLK
colchester,CST
colchester borough council,CST
colchester district,CST
coleraine,NIR-C
coleraine borough council,NIR-C
comhairle nan eilean siar,ELS
comhairle nan eilean siar (western isles),ELS
conwy,CWY
conwy county borough council,CWY
cookstown,NIR-I
cookstown district council,NIR-I
copeland,COB
copeland borough council,COB
copeland district,COB
corby,CBY
corby borough council,CBY
corby district,CBY
cornwall,CON
cornwall council,CON
cotswold,CWD
cotswold district,CWD
cotswold district council,CWD
county durham,DUR
county of herefordshire,HEF
coventry,COV
coventry city council,COV
coventry district,COV
craigavon,NIR-N
craigavon borough council,NIR-N
craven,CRD
craven district,CRD
craven district council,CRD
crawley,CRW
crawley borough council,CRW
crawley district,CRW
croydon,CRY
croydon london boro,CRY
cumbria,CMA
cumbria county,CMA
cumbria county council,CMA
dacorum,DAB
dacorum borough council,DAB
dacorum district,DAB
darlington,DAL
darlington borough council,DAL
dartford,DFD
dartford borough council,DFD
dartford district,DFD
daventry,DAD
daventry district,DAD
daventry district council,DAD
denbighshire,DEN
denbighshire county council,DEN
derby,DER
derby city,DER
derby city council,DER
derbyshire,DBY
derbyshire county,DBY
derbyshire county council,DBY
derbyshire dales,DED
derbyshire dales district,DED
derbyshire dales district council,DED
derry,NIR-A
derry and strabane,DRS
derry city and strabane,DRS
derry city council,NIR-A
devon,DEV
devon county,DEV
devon county council,DEV
doncaster,DNC
doncaster district,DNC
doncaster metropolitan borough council,DNC
dorset,DOR
dorset county,DOR
dorset county council,DOR
dover,DVR
dover district,DVR
dover district council,DVR
down,NIR-R
down district council,NIR-R
dudley,DUD
dudley district,DUD
dudley metropolitan borough council,DUD
dumfries and galloway,DGY
dumfries and galloway council,DGY
dundee city,DND
dundee city council,DND
dungannon and south tyrone,NIR-M
dungannon and south tyrone borough council,NIR-M
durham,DUR
durham county council,DUR
ealing,EAL
ealing london boro,EAL
ease dunbartonshire,EDU
east ayrshire,EAY
east ayrshire council,EAY
east cambridgeshire,EAC
east cambridgeshire district,EAC
east cambridgeshire district council,EAC
east devon,EDE
east devon district,EDE
east devon district council,EDE
east dorset,EDO
east dorset district,EDO
east dorset district council,EDO
east dunbaronshire,EDU
east dunbarton,EDU
east dunbartonshire,EDU
east dunbartonshire council,EDU
east dunnbartonshire,EDU
east hampshire,EHA
east hampshire district,EHA
east hampshire district council,EHA
east hertfordshire,EHE
east hertfordshire district,EHE
east hertfordshire district council,EHE
east lindsey,ELI
east lindsey district,ELI
east lindsey district council,ELI
east lothian,ELN
east lothian council,ELN
east northamptonshire,EAN
east northamptonshire council,EAN
east northamptonshire district,EAN
east renfrewshire,ERW
east renfrewshire council,ERW
east riding of yorkshire,ERY
east riding of yorkshire council,ERY
east staffordshire,EAS
east staffordshire borough council,EAS
east staffordshire district,EAS
east sussex,ESX
east sussex county,ESX
east sussex county council,ESX
eastbourne,EBO
eastbourne borough council,EBO
eastbourne district,EBO
eastleigh,ELG
eastleigh borough council,ELG
eastleigh district,ELG
eden,EDD
eden district,EDD
eden district council,EDD
edinburgh (city of),EDH
"edinburgh, city of",EDH
eilean,ELS
eilean siar,ELS
elmbridge,ELB
elmbridge borough council,ELB
elmbridge district,ELB
enfield,ENF
enfield london boro,ENF
epping forest,EPF
epping forest district,EPF
epping forest district council,EPF
epsom and ewell,EPA
epsom and ewell borough council,EPA
epsom and ewell district,EPA
erewash,ERB
erewash borough council,ERB
erewash district,ERB
essex,ESS
essex county,ESS
essex county council,ESS
exeter,EXC
exeter city,EXC
exeter city council,EXC
exeter district,EXC
falkirk,FAL
falkirk council,FAL
fareham,FAB
fareham borough council,FAB
fareham district,FAB
fenland,FLD
fenland district,FLD
fenland district council,FLD
fermanagh,NIR-L
fermanagh and omagh,FMO
fermanagh district council,NIR-L
fife,FIF
fife council,FIF
flintshire,FLN
flintshire county council,FLN
forest heath,FOH
forest heath district,FOH
forest heath district council,FOH
forest of dean,FOO
forest of dean district,FOO
forest of dean district council,FOO
fylde,FYB
fylde borough council,FYB
fylde district,FYB
gateshead,GAT
gateshead district,GAT
gateshead metropolitan borough council,GAT
gedling,GEB
gedling borough council,GEB
gedling district,GEB
glasgow,GLG
glasgow city,GLG
glasgow city coucil,GLG
glasgow city council,GLG
gloucester,GLC
gloucester city,GLC
gloucester city council,GLC
gloucester district,GLC
gloucestershire,GLS
gloucestershire county,GLS
gloucestershire county council,GLS
gosport,GOB
gosport borough council,GOB
gosport district,GOB
gravesham,GRB
gravesham borough council,GRB
gravesham district,GRB
great yarmouth,GRY
great yarmouth borough council,GRY
great yarmouth district,GRY
greater london,GLA
greenwich,GRE
greenwich london boro,GRE
guildford,GUB
guildford borough council,GUB
guildford district,GUB
gwynedd,GWN
gwynedd council,GWN
hackney,HCK
hackney london boro,HCK
halton,HAL
halton borough council,HAL
hambleton,HBT
hambleton district,HBT
hambleton district council,HBT
hammersmith and fulham,HMF
hammersmith and fulham london boro,HMF
hampshire,HAM
hampshire county,HAM
hampshire county council,HAM
harborough,HBG
harborough district,HBG
harborough district council,HBG
haringey,HRY
haringey london boro,HRY
harlow,HAC
harlow council,HAC
harlow district,HAC
harrogate,HGT
harrogate borough council,HGT
harrogate district,HGT
harrow,HRW
harrow london boro,HRW
hart,HAR
hart district,HAR
hart district council,HAR
hartlepool,HPL
hartlepool borough council,HPL
hastings,HST
hastings borough council,HST
hastings district,HST
havant,HVT
havant borough council,HVT
havant district,HVT
havering,HAV
havering london boro,HAV
herefordshire,HEF
herefordshire council,HEF
"herefordshire, county of",HEF
hertfordshire,HFS
hertfordshire county,HFS
hertfordshire county council,HFS
hertsmere,HEB
hertsmere borough council,HEB
hertsmere district,HEB
high peak,HIP
high peak borough council,HIP
high peak district,HIP
highands,HLD
highland,HLD
highlands,HLD
hillingdon,HIL
hillingdon london boro,HIL
hinckley and bosworth,HIA
hinckley and bosworth borough council,HIA
hinckley and bosworth district,HIA
horsham,HOD
horsham district,HOD
horsham district council,HOD
hounslow,HNS
hounslow london boro,HNS
hull city,KHL
hull city council,KHL
huntingdonshire,HUD
huntingdonshire district,HUD
huntingdonshire district council,HUD
hyndburn,HYB
hyndburn borough council,HYB
hyndburn district,HYB
inverclyde,IVC
inverclyde council,IVC
ipswich,IPB
ipswich borough council,IPB
ipswich district,IPB
isle of anglesey,AGY
isle of anglesey county council,AGY
isle of wight,IOW
isle of wight council,IOW
isles of scilly,IOS
islington,ISL
islington london boro,ISL
kensington and chelsea,KEC
kensington and chelsea london boro,KEC
kent,KEN
kent county,KEN
kent county council,KEN
kettering,KEB
kettering borough council,KEB
kettering district,KEB
king's lynn and west norfolk,BOC
king's lynn and west norfolk district,BOC
kings lynn and west norfolk,BOC
kingston upon hull,KHL
kingston upon hull city of,KHL
"kingston upon hull, city of",KHL
kingston upon thames,KTT
kingston upon thames london boro,KTT
kingston-upon-thames,KTT
kirklees,KIR
kirklees council,KIR
kirklees district,KIR
knowsley,KWL
knowsley council,KWL
knowsley district,KWL
lambeth,LBH
lambeth london boro,LBH
lancashire,LAN
lancashire county,LAN
lancashire county council,LAN
lancaster,LAC
lancaster city,LAC
lancaster city council,LAC
lancaster district,LAC
larne,NIR-F
larne borough council,NIR-F
leeds,LDS
leeds city council,LDS
leeds district,LDS
leicester,LCE
leicester city,LCE
leicester city council,LCE
leicestershire,LEC
leicestershire county,LEC
leicestershire county council,LEC
lewes,LED
lewes district,LED
lewes district council,LED
lewisham,LEW
lewisham london boro,LEW
lichfield,LID
lichfield district,LID
lichfield district council,LID
limavady,NIR-B
limavady borough council,NIR-B
lincoln,CIO
lincoln city,CIO
lincoln district,CIO
lincolnshire,LIN
lincolnshire county,LIN
lincolnshire county council,LIN
lisburn,NIR-S
lisburn and castlereagh,LBC
lisburn and castlereagh city,LBC
lisburn city council,NIR-S
liverpool,LIV
liverpool city council,LIV
liverpool district,LIV
london borough of barking and dagenham,BDG
london borough of barnet,BNT
london borough of bexley,BEX
london borough of brent,BEN
london borough of bromley,BRY
london borough of camden,CMD
london borough of croydon,CRY
london borough of ealing,EAL
london borough of enfield,ENF
london borough of hackney,HCK
london borough of hammersmith and fulham,HMF
london borough of haringey,HRY
london borough of harrow,HRW
london borough of havering,HAV
london borough of hillingdon,HIL
london borough of hounslow,HNS
london borough of islington,ISL
london borough of lambeth,LBH
london borough of lewisham,LEW
london borough of merton,MRT
london borough of newham,NWM
london borough of redbridge,RDB
london borough of richmond upon thames,RIC
london borough of southwark,SWK
london borough of sutton,STN
london borough of tower hamlets,TWH
london borough of waltham forest,WFT
london borough of wandsworth,WND
luton,LUT
luton borough council,LUT
magherafelt,NIR-H
magherafelt district council,NIR-H
maidstone,MAB
maidstone borough council,MAB
maidstone district,MAB
maldon,MDN
maldon district,MDN
maldon district council,MDN
malvern hills,MAH
malvern hills district,MAH
malvern hills district council,MAH
manchester,MAN
manchester city council,MAN
manchester district,MAN
mansfield,MSF
mansfield district,MSF
mansfield district council,MSF
medway,MDW
medway council,MDW
melton,MEB
melton borough council,MEB
melton district,MEB
mendip,MED
mendip district,MED
mendip district council,MED
merthyr tudful,MTY
merthyr tydfil,MTY
merthyr tydfil county borough council,MTY
merthyr tydfil ua,MTY
merton,MRT
merton london boro,MRT
mid and east antrim,MEA
mid devon,MID
mid devon district,MID
mid devon district council,MID
mid suffolk,MSK
mid suffolk district,MSK
mid suffolk district council,MSK
mid sussex,MSX
mid sussex district,MSX
mid sussex district council,MSX
mid ulster,MUL
middlesbrough,MDB
middlesbrough borough council,MDB
midlothian,MLN
midlothian council,MLN
milton keynes,MIK
milton keynes council,MIK
mole valley,MOV
mole valley district,MOV
mole valley district council,MOV
monmouthshire,MON
monmouthshire county council,MON
moray,MRY
moray council,MRY
moyle,NIR-E
moyle district council,NIR-E
na h-eileanan an iar,ELS
neath port talbot,NTL
neath port talbot county borough council,NTL
new forest,NEF
new forest district,NEF
new forest district council,NEF
newark and sherwood,NSW
newark and sherwood district,NSW
newark and sherwood district council,NSW
newcastle city council,NET
newcastle upon tyne,NET
newcastle upon tyne district,NET
newcastle-under-lyme,NED
newcastle-under-lyme district,NED
newcastle-under-lyme district council,NED
newham,NWM
newham london boro,NWM
newport,NWP
newport city council,NWP
newry and mourne,NIR-P
newry and mourne district council,NIR-P
"newry, mourne and down",NMD
newtownabbey,NIR-U
newtownabbey borough council,NIR-U
norfolk,NFK
norfolk county,NFK
norfolk county council,NFK
north ayrshire,NAY
north ayrshire council,NAY
north devon,NDE
north devon council,NDE
north devon district,NDE
north dorset,NDO
north dorset district,NDO
north dorset district council,NDO
north down,NIR-W
north down and ards,AND
north down borough council,NIR-W
north east derbyshire,NOE
north east derbyshire district,NOE
north east derbyshire district council,NOE
north east lincolnshire,NEL
north east lincolnshire council,NEL
north hertfordshire,NOH
north hertfordshire district,NOH
north hertfordshire district council,NOH
north kesteven,NOK
north kesteven district,NOK
north kesteven district council,NOK
north lanarkshire,NLK
north lanarkshire council,NLK
north lincolnshire,NLN
north lincolnshire council,NLN
north norfolk,NON
north norfolk district,NON
north norfolk district council,NON
north somerset,NSM
north somerset council,NSM
north tyneside,NTY
north tyneside council,NTY
north tyneside district,NTY
north warwickshire,NWK
north warwickshire borough council,NWK
north warwickshire district,NWK
north west leicestershire,NWL
north west leicestershire district,NWL
north west leicestershire district council,NWL
north west somerset,NSM
north yorkshire,NYK
north yorkshire county,NYK
north yorkshire county council,NYK
northampton,NOB
northampton borough council,NOB
northampton district,NOB
northamptonshire,NTH
northamptonshire county,NTH
northamptonshire county council,NTH
northumberland,NBL
northumberland council,NBL
norwich,NOC
norwich city,NOC
norwich city council,NOC
norwich district,NOC
nottingham,NGM
nottingham city,NGM
nottingham city council,NGM
nottinghamshire,NTT
nottinghamshire county,NTT
nottinghamshire county council,NTT
nuneaton and bedworth,NUA
nuneaton and bedworth borough council,NUA
nuneaton and bedworth district,NUA
oadby and wigston,OAA
oadby and wigston district,OAA
oadby and wigston district council,OAA
oldham,OLD
oldham district,OLD
oldham metropolitan borough council,OLD
omagh,NIR-K
omagh district council,NIR-K
orkney,ORK
orkney islands,ORK
orkney islands council,ORK
oxford,OXC
oxford city,OXC
oxford city council,OXC
oxford district,OXC
oxfordshire,OXF
oxfordshire county,OXF
oxfordshire county council,OXF
pembrokeshire,PEM
pembrokeshire county council,PEM
pen-y-bont ar ogwr,BGE
pendle,PEB
pendle borough council,PEB
pendle district,PEB
perth and kinross,PKN
perth and kinross council,PKN
peterborough,PTE
peterborough city,PTE
peterborough city council,PTE
plymouth,PLY
plymouth city,PLY
plymouth city council,PLY
poole,POL
portsmouth,POR
portsmouth city council,POR
powys,POW
powys county council,POW
preston,PRC
preston city council,PRC
preston district,PRC
purbeck,PUD
purbeck district,PUD
purbeck district council,PUD
reading,RDG
reading borough council,RDG
redbridge,RDB
redbridge london boro,RDB
redcar and cleveland,RCC
redcar and cleveland borough council,RCC
redditch,REB
redditch borough council,REB
redditch district,REB
reigate and banstead,REA
reigate and banstead borough council,REA
reigate and banstead district,REA
renfrewshire,RFW
renfrewshire council,RFW
rhondda cynon taf,RCT
rhondda cynon taf county borough council,RCT
rhondda cynon taff,RCT
"rhondda, cynon, taff",RCT
"rhondda,cynon,taff",RCT
ribble valley,RIV
ribble valley borough council,RIV
ribble valley district,RIV
richmond upon thames,RIC
richmond upon thames london boro,RIC
richmond-upon-thames,RIC
richmondshire,RIH
richmondshire district,RIH
richmondshire district council,RIH
rochdale,RCH
rochdale district,RCH
rochdale metropolitan borough council,RCH
rochford,RCF
rochford district,RCF
rochford district council,RCF
rossendale,ROB
rossendale borough council,ROB
rossendale district,ROB
rother,RTR
rother district,RTR
rother district council,RTR
rotherham,ROT
rotherham district,ROT
rotherham metropolitan borough council,ROT
royal borough of greenwich,GRE
royal borough of kensington and chelsea,KEC
royal borough of kingston upon thames,KTT
royal borough of windsor and maidenhead,WNM
rugby,RGB
rugby borough council,RGB
rugby district,RGB
runnymede,RYM
runnymede borough council,RYM
runnymede district,RYM
rushcliffe,RUC
rushcliffe borough council,RUC
rushcliffe district,RUC
rushmoor,RSM
rushmoor borough council,RSM
rushmoor district,RSM
rutland,RUT
rutland county council,RUT
ryedale,RYD
ryedale district,RYD
ryedale district council,RYD
salford,SLF
salford city council,SLF
salford district,SLF
sandwell,SAW
sandwell district,SAW
sandwell metropolitan borough council,SAW
scarborough,SCB
scarborough borough council,SCB
scarborough district,SCB
scottish borders,SCB
sedgemoor,SGM
sedgemoor district,SGM
sedgemoor district council,SGM
sefton,SFT
sefton council,SFT
sefton district,SFT
sefton metropolitan borough council,SFT
selby,SBY
selby district,SBY
selby district council,SBY
sevenoaks,SVK
sevenoaks district,SVK
sevenoaks district council,SVK
sheffield,SHF
sheffield city council,SHF
sheffield district,SHF
shepway,SHD
shepway district,SHD
shepway district council,SHD
shetland,ZET
shetland islands,ZET
shetland islands council,ZET
shropshire,SHR
shropshire council,SHR
sir benfro,PEM
sir ddinbych,DEN
sir fynwy,MON
sir gaerfyrddin,CMN
sir y fflint,FLN
slough,SLG
slough borough council,SLG
solihull,SHL
solihull district,SHL
solihull metropolitan borough council,SHL
somerset,SOM
somerset county,SOM
somerset county council,SOM
south ayrshire,SAY
south ayrshire council,SAY
south ayshire,SAY
south buckinghamshire,SOB
south bucks,SOB
south bucks district,SOB
south bucks district council,SOB
south cambridgeshire,SOC
south cambridgeshire district,SOC
south cambridgeshire district council,SOC
south derbyshire,SOD
south derbyshire district,SOD
south derbyshire district council,SOD
south gloucestershire,SGC
south gloucestershire council,SGC
south hams,SHA
south hams district,SHA
south hams district council,SHA
south holland,SHO
south holland district,SHO
south holland district council,SHO
south kesteven,SOK
south kesteven district,SOK
south kesteven district council,SOK
south lakeland,SLA
south lakeland district,SLA
south lakeland district council,SLA
south lanarkshire,SLK
south lanarkshire council,SLK
south norfolk,SNK
south norfolk district,SNK
south norfolk district council,SNK
south northamptonshire,SNH
south northamptonshire council,SNH
south northamptonshire district,SNH
south oxfordshire,SOX
south oxfordshire district,SOX
south oxfordshire district council,SOX
south ribble,SOR
south ribble borough council,SOR
south ribble district,SOR
south somerset,SSM
south somerset district,SSM
south somerset district council,SSM
south staffordshire,SST
south staffordshire council,SST
south staffordshire district,SST
south tyneside,STY
south tyneside council,STY
south tyneside district,STY
southampton,STH
southampton city council,STH
southend-on-sea,SSE
southend-on-sea borough council,SSE
southwark,SWK
southwark london boro,SWK
spelthorne,SPB
spelthorne borough council,SPB
spelthorne district,SPB
st albans,SAC
st albans city,SAC
st albans city and district council,SAC
st edmundsbury,SDM
st edmundsbury borough council,SDM
st helens,SHN
st helens council,SHN
st. albans,SAC
st. albans district,SAC
st. edmundsbury,SDM
st. edmundsbury district,SDM
st. helens,SHN
st. helens district,SHN
stafford,STA
stafford borough council,STA
stafford district,STA
staffordshire,STS
staffordshire county,STS
staffordshire county council,STS
staffordshire moorlands,STM
staffordshire moorlands district,STM
staffordshire moorlands district council,STM
stevenage,STV
stevenage borough council,STV
stevenage district,STV
stirling,STG
stirling council,STG
stockport,SKP
stockport district,SKP
stockport metropolitan borough council,SKP
stockton on tees,STT
stockton-on-tees,STT
stockton-on-tees borough council,STT
stoke-on-trent,SOT
stoke-on-trent city council,SOT
strabane,NIR-J
strabane district council,NIR-J
stratford-on-avon,SOA
stratford-on-avon district,SOA
stratford-on-avon district council,SOA
stroud,SRD
stroud district,SRD
stroud district council,SRD
suffolk,SFK
suffolk coastal,SUC
suffolk coastal district,SUC
suffolk coastal district council,SUC
suffolk county,SFK
suffolk county council,SFK
sunderland,SND
sunderland city council,SND
sunderland district,SND
surrey,SRY
surrey county,SRY
surrey county council,SRY
surrey heath,SUH
surrey heath borough council,SUH
surrey heath district,SUH
sutton,STN
sutton london boro,STN
swale,SWB
swale borough council,SWB
swale district,SWB
swansea,SWA
swindon,SWD
swindon borough council,SWD
tameside,TAM
tameside district,TAM
tameside metropolitan borough council,TAM
tamworth,TAB
tamworth borough council,TAB
tamworth district,TAB
tandridge,TDG
tandridge district,TDG
tandridge district council,TDG
taunton deane,TDE
taunton deane borough council,TDE
taunton deane district,TDE
teignbridge,TBG
teignbridge district,TBG
teignbridge district council,TBG
telford and wrekin,TFW
telford and wrekin council,TFW
tendring,TDR
tendring district,TDR
tendring district council,TDR
test valley,TEV
test valley borough council,TEV
test valley district,TEV
tewkesbury,TEB
tewkesbury borough council,TEB
tewkesbury district,TEB
thanet,THD
thanet district,THD
thanet district council,THD
the city of brighton and hove,BNH
the highland council,HLD
the scottish borders,SCB
the vale of glamorgan,VGL
three rivers,TRR
three rivers district,TRR
three rivers district council,TRR
thurrock,TUK
thurrock council,TUK
tonbridge and malling,TOA
tonbridge and malling borough council,TOA
tonbridge and malling district,TOA
torbay,TOB
torbay council,TOB
torfaen,TOF
torfaen county borough council,TOF
torridge,TOD
torridge district,TOD
torridge district council,TOD
tower hamlets,TWH
tower hamlets london boro,TWH
trafford,TRF
trafford council,TRF
trafford district,TRF
tunbridge wells,TUW
tunbridge wells borough council,TUW
tunbridge wells district,TUW
uttlesford,UTD
uttlesford district,UTD
uttlesford district council,UTD
vale of glamorgan,VGL
vale of glamorgan council,VGL
vale of white horse,VAO
vale of white horse district,VAO
vale of white horse district council,VAO
wakefield,WKF
wakefield district,WKF
wakefield metropolitan district council,WKF
walsall,WLL
walsall council,WLL
walsall district,WLL
waltham forest,WFT
waltham forest london boro,WFT
wandsworth,WND
wandsworth london boro,WND
warrington,WRT
warrington borough council,WRT
warwick,WWK
warwick district,WWK
warwick district council,WWK
warwickshire,WKS
warwickshire county,WKS
warwickshire county council,WKS
watford,WTF
watford borough council,WTF
watford district,WTF
waveney,WNY
waveney district,WNY
waveney district council,WNY
waverley,WVY
waverley borough council,WVY
waverley district,WVY
wealden,WLD
wealden district,WLD
wealden district council,WLD
wellingborough,WEB
wellingborough borough council,WEB
wellingborough district,WEB
welwyn hatfield,WEH
welwyn hatfield council,WEH
welwyn hatfield district,WEH
west berkshire,WBK
west berkshire council,WBK
west devon,WDE
west devon borough council,WDE
west devon district,WDE
west dorset,WDO
west dorset district,WDO
west dorset district council,WDO
west dunbartonshire,WDU
west dunbartonshire council,WDU
west lancashire,WLA
west lancashire borough council,WLA
west lancashire district,WLA
west lindsey,WLI
west lindsey district,WLI
west lindsey district council,WLI
west lothian,WLN
west lothian council,WLN
west oxfordshire,WEO
west oxfordshire district,WEO
west oxfordshire district council,WEO
west somerset,WES
west somerset council,WES
west somerset district,WES
west sussex,WSX
west sussex county,WSX
west sussex county council,WSX
western isles,ELS
westminster,WSM
weymouth and portland,WPO
weymouth and portland borough council,WPO
weymouth and portland district,WPO
wigan,WGN
wigan council,WGN
wigan district,WGN
wiltshire,WIL
wiltshire council,WIL
winchester,WIC
winchester city,WIC
winchester city council,WIC
winchester district,WIC
windsor and maidenhead,WNM
wirral,WRL
wirral council,WRL
wirral district,WRL
woking,WKG
woking borough council,WKG
woking district,WKG
wokingham,WOK
wokingham borough council,WOK
wolverhampton,WLV
wolverhampton city council,WLV
worcester,WOC
worcester city,WOC
worcester city council,WOC
worcester district,WOC
worcestershire,WOR
worcestershire county,WOR
worcestershire county council,WOR
worthing,WOB
worthing borough council,WOB
worthing district,WOB
wrecsam,WRX
wrexham,WRX
wrexham county borough council,WRX
wychavon,WYN
wychavon district,WYN
wychavon district council,WYN
wycombe,WYD
wycombe district,WYD
wycombe district council,WYD
wyre,WYC
wyre council,WYC
wyre district,WYC
wyre forest,WYF
wyre forest district,WYF
wyre forest district council,WYF
ynys mn,AGY
york,YOR
