Register,local-authority-code,register-and-code,local-authority-type,local-authority-type-name,overlapping-la,official-name,alt-name-1,alt-name-2,alt-name-3,start-date,end-date,gss-code,archaic-gss-code,old-ons-la-code,ofcom,snac,os,ecode,notes
local-authority-eng,GLA,local-authority-eng:GLA,SRA,Strategic Regional Authority,,Greater London Authority,Greater London,,,22-06-05,,E12000007,,H,00-London,,7000000000041440,E5100,gss code is for London region - when working from code point open use E18000007 and the NHS_HA_code column
local-authority-eng,LND,local-authority-eng:LND,CC,City corporation,,City of London Corporation,City of London,,,28-06-05,,E09000001,,201,,00AA,7000000000011100,E5010,
local-authority-eng,WOT,local-authority-eng:WOT,NMD,Non-metropolitan district,WSX,Worthing Borough Council,Worthing,,,25-06-05,,E07000229,,45UH,,45UH,7000000000016260,E3837,
local-authority-eng,MSS,local-authority-eng:MSS,NMD,Non-metropolitan district,WSX,Mid Sussex District Council,Mid Sussex,,,01-04-74,,E07000228,,45UG,,45UG,7000000000016210,E3836,
local-authority-eng,HOR,local-authority-eng:HOR,NMD,Non-metropolitan district,WSX,Horsham District Council,Horsham,,,01-04-74,,E07000227,,45UF,,45UF,7000000000016340,E3835,
local-authority-eng,CRW,local-authority-eng:CRW,NMD,Non-metropolitan district,WSX,Crawley Borough Council,Crawley,,,01-04-74,,E07000226,,45UE,,45UE,7000000000016350,E3834,
local-authority-eng,CHI,local-authority-eng:CHI,NMD,Non-metropolitan district,WSX,Chichester District Council,Chichester,,,01-04-74,,E07000225,,45UD,,45UD,7000000000016440,E3833,
local-authority-eng,ARU,local-authority-eng:ARU,NMD,Non-metropolitan district,WSX,Arun District Council,Arun,,,,,E07000224,,45UC,,45UC,7000000000016430,E3832,
local-authority-eng,ADU,local-authority-eng:ADU,NMD,Non-metropolitan district,WOR,Adur District Council,Adur,,,,,E07000223,,45UB,,45UB,7000000000016220,E3831,
local-authority-eng,WSX,local-authority-eng:WSX,CTY,County,,West Sussex County Council,West Sussex,,,,,E10000032,,938,45-00,45,7000000000016410,E3820,
local-authority-eng,WYE,local-authority-eng:WYE,NMD,Non-metropolitan district,WOR,Wyre Forest District Council,Wyre Forest,,,,,E07000239,,47UG,,47UG,7000000000003210,E1839,
local-authority-eng,WYC,local-authority-eng:WYC,NMD,Non-metropolitan district,WOR,Wychavon District Council,Wychavon,,,,,E07000238,,47UF,,47UF,7000000000003120,E1838,
local-authority-eng,WOC,local-authority-eng:WOC,NMD,Non-metropolitan district,WOR,Worcester City Council,Worcester,,,,,E07000237,,47UE,,47UE,7000000000003130,E1837,
local-authority-eng,RED,local-authority-eng:RED,NMD,Non-metropolitan district,WOR,Redditch Borough Council,Redditch,,,,,E07000236,,47UD,,47UD,7000000000003080,E1835,
local-authority-eng,MAV,local-authority-eng:MAV,NMD,Non-metropolitan district,WOR,Malvern Hills District Council,Malvern Hills,,,,,E07000235,,47UC,,47UC,7000000000003290,E1851,
local-authority-eng,BRM,local-authority-eng:BRM,NMD,Non-metropolitan district,WOR,Bromsgrove District Council,Bromsgrove,,,,,E07000234,,47UB,,47UB,7000000000003080,E1831,
local-authority-eng,WOR,local-authority-eng:WOR,CTY,County,,Worcestershire County Council,Worcestershire,,,,,E10000034,,885,47-00,47,7000000000002990,E1821,
local-authority-eng,WAW,local-authority-eng:WAW,NMD,Non-metropolitan district,WAR,Warwick District Council,Warwick,,,,,E07000222,,44UF,,44UF,7000000000043510,E3735,
local-authority-eng,STR,local-authority-eng:STR,NMD,Non-metropolitan district,WAR,Stratford-on-Avon District Council,Stratford-on-Avon,,,,,E07000221,,44UE,,44UE,7000000000009940,E3734,
local-authority-eng,RUG,local-authority-eng:RUG,NMD,Non-metropolitan district,WAR,Rugby Borough Council,Rugby,,,,,E07000220,,44UD,,44UD,7000000000009880,E3733,
local-authority-eng,NUN,local-authority-eng:NUN,NMD,Non-metropolitan district,WAR,Nuneaton and Bedworth Borough Council,Nuneaton and Bedworth,Nuneaton & Bedworth,,,,E07000219,,44UC,,44UC,7000000000010050,E3732,
local-authority-eng,NWA,local-authority-eng:NWA,NMD,Non-metropolitan district,WAR,North Warwickshire Borough Council,North Warwickshire,,,,,E07000218,,44UB,,44UB,7000000000010120,E3731,
local-authority-eng,WAR,local-authority-eng:WAR,CTY,County,,Warwickshire County Council,Warwickshire,,,,,E10000031,,937,44-00,44,7000000000010040,E3720,
local-authority-eng,TAW,local-authority-eng:TAW,NMD,Non-metropolitan district,STS,Tamworth Borough Council,Tamworth,,,,,E07000199,,41UK,,41UK,7000000000014720,E3439,
local-authority-eng,STF,local-authority-eng:STF,NMD,Non-metropolitan district,SFK,Staffordshire Moorlands District Council,Staffordshire Moorlands,,,,,E07000198,,41UH,,41UH,7000000000015060,E3437,
local-authority-eng,STA,local-authority-eng:STA,NMD,Non-metropolitan district,STS,Stafford Borough Council,Stafford,,,,,E07000197,,41UG,,41UG,7000000000014890,E3436,
local-authority-eng,SST,local-authority-eng:SST,NMD,Non-metropolitan district,STS,South Staffordshire Council,South Staffordshire,,,,,E07000196,,41UF,,41UF,7000000000014850,E3435,
local-authority-eng,NEC,local-authority-eng:NEC,NMD,Non-metropolitan district,STS,Newcastle-under-Lyme Borough Council,Newcastle-under-Lyme,,,,,E07000195,,41UE,,41UE,7000000000015170,E3434,
local-authority-eng,LIF,local-authority-eng:LIF,NMD,Non-metropolitan district,STS,Lichfield District Council,Lichfield,,,,,E07000194,,41UD,,41UD,7000000000014790,E3433,
local-authority-eng,EST,local-authority-eng:EST,NMD,Non-metropolitan district,SFK,East Staffordshire Borough Council,East Staffordshire,,,,,E07000193,,41UC,,41UC,7000000000015060,E3432,
local-authority-eng,CAN,local-authority-eng:CAN,NMD,Non-metropolitan district,STS,Cannock Chase District Council,Cannock Chase,,,,,E07000192,,41UB,,41UB,7000000000014860,E3431,
local-authority-eng,STS,local-authority-eng:STS,CTY,County,,Staffordshire County Council,Staffordshire,,,,,E10000028,,860,41-00,41,7000000000015050,E3421,
local-authority-eng,WOI,local-authority-eng:WOI,NMD,Non-metropolitan district,SRY,Woking Borough Council,Woking,,,,,E07000217,,43UM,,43UM,7000000000014190,E3641,
local-authority-eng,WAE,local-authority-eng:WAE,NMD,Non-metropolitan district,WAR,Waverley Borough Council,Waverley,,,,,E07000216,,43UL,,43UL,7000000000014110,E3640,
local-authority-eng,TAN,local-authority-eng:TAN,NMD,Non-metropolitan district,WAR,Tandridge District Council,Tandridge,,,,,E07000215,,43UK,,43UK,7000000000013870,E3639,
local-authority-eng,SUR,local-authority-eng:SUR,NMD,Non-metropolitan district,SRY,Surrey Heath Borough Council,Surrey Heath,,,,,E07000214,,43UJ,,43UJ,7000000000014060,E3638,
local-authority-eng,SPE,local-authority-eng:SPE,NMD,Non-metropolitan district,SRY,Spelthorne Borough Council,Spelthorne,,,,,E07000213,,43UH,,43UH,7000000000014160,E3637,
local-authority-eng,RUN,local-authority-eng:RUN,NMD,Non-metropolitan district,SRY,Runnymede Borough Council,Runnymede,,,,,E07000212,,43UG,,43UG,7000000000014060,E3636,
local-authority-eng,REI,local-authority-eng:REI,NMD,Non-metropolitan district,WAR,Reigate and Banstead Borough Council,Reigate and Banstead,Reigate & Banstead,,,,E07000211,,43UF,,43UF,7000000000013890,E3635,
local-authority-eng,MOL,local-authority-eng:MOL,NMD,Non-metropolitan district,WAR,Mole Valley District Council,Mole Valley,,,,,E07000210,,43UE,,43UE,7000000000044470,E3634,
local-authority-eng,GRT,local-authority-eng:GRT,NMD,Non-metropolitan district,SRY,Guildford Borough Council,Guildford,,,,,E07000209,,43UD,,43UD,7000000000014000,E3633,
local-authority-eng,EPS,local-authority-eng:EPS,NMD,Non-metropolitan district,WAR,Epsom and Ewell Borough Council,Epsom and Ewell,Epsom & Ewell,,,,E07000208,,43UC,,43UC,7000000000013940,E3632,
local-authority-eng,ELM,local-authority-eng:ELM,NMD,Non-metropolitan district,SRY,Elmbridge Borough Council,Elmbridge,,,,,E07000207,,43UB,,43UB,7000000000013980,E3631,
local-authority-eng,SRY,local-authority-eng:SRY,CTY,County,,Surrey County Council,Surrey,,,,,E10000030,,936,43-00,43,7000000000013960,E3620,
local-authority-eng,WSO,local-authority-eng:WSO,NMD,Non-metropolitan district,SOM,West Somerset District Council,West Somerset,,,,,E07000191,,40UF,,40UF,7000000000010680,E3335,
local-authority-eng,TAU,local-authority-eng:TAU,NMD,Non-metropolitan district,SOM,Taunton Deane Borough Council,Taunton Deane,,,,,E07000190,,40UE,,40UE,7000000000010370,E3333,
local-authority-eng,SSO,local-authority-eng:SSO,NMD,Non-metropolitan district,SOM,South Somerset District Council,South Somerset,,,,,E07000189,,40UD,,40UD,7000000000010490,E3334,
local-authority-eng,SEG,local-authority-eng:SEG,NMD,Non-metropolitan district,SOM,Sedgemoor District Council,Sedgemoor,,,,,E07000188,,40UC,,40UC,7000000000010570,E3332,
local-authority-eng,MEN,local-authority-eng:MEN,NMD,Non-metropolitan district,SOM,Mendip District Council,Mendip,,,,,E07000187,,40UB,,40UB,7000000000043460,E3331,
local-authority-eng,SOM,local-authority-eng:SOM,CTY,County,,Somerset County Council,Somerset,,,,,E10000027,,933,40-00,40,7000000000010570,E3320,
local-authority-eng,WAV,local-authority-eng:WAV,NMD,Non-metropolitan district,SFK,Waveney District Council,Waveney,,,,,E07000206,,42UH,,42UH,7000000000015440,E3537,
local-authority-eng,SUF,local-authority-eng:SUF,NMD,Non-metropolitan district,SFK,Suffolk Coastal District Council,Suffolk Coastal,,,,,E07000205,,42UG,,42UG,7000000000015500,E3536,
local-authority-eng,SED,local-authority-eng:SED,NMD,Non-metropolitan district,SFK,St Edmundsbury Borough Council,St Edmundsbury,,,,,E07000204,,42UF,,42UF,7000000000015640,E3535,
local-authority-eng,MSU,local-authority-eng:MSU,NMD,Non-metropolitan district,SFK,Mid Suffolk District Council,Mid Suffolk,,,,,E07000203,,42UE,,42UE,7000000000015670,E3534,
local-authority-eng,IPS,local-authority-eng:IPS,NMD,Non-metropolitan district,SFK,Ipswich Borough Council,Ipswich,,,,,E07000202,,42UD,,42UD,7000000000015310,E3533,
local-authority-eng,FOR,local-authority-eng:FOR,NMD,Non-metropolitan district,SRY,Forest Heath District Council,Forest Heath,,,,,E07000201,,42UC,,42UC,7000000000015860,E3532,
local-authority-eng,BAB,local-authority-eng:BAB,NMD,Non-metropolitan district,SFK,Babergh District Council,Babergh,,,,,E07000200,,42UB,,42UB,7000000000015690,E3531,
local-authority-eng,SFK,local-authority-eng:SFK,CTY,County,,Suffolk County Council,Suffolk,,,,,E10000029,,935,42-00,42,7000000000015930,E3520,
local-authority-eng,WOX,local-authority-eng:WOX,NMD,Non-metropolitan district,OXF,West Oxfordshire District Council,West Oxfordshire,,,,,E07000181,,38UF,,38UF,7000000000008570,E3135,
local-authority-eng,VAL,local-authority-eng:VAL,NMD,Non-metropolitan district,OXF,Vale of White Horse District Council,Vale of White Horse,,,,,E07000180,,38UE,,38UE,7000000000008430,E3134,
local-authority-eng,SOX,local-authority-eng:SOX,NMD,Non-metropolitan district,OXF,South Oxfordshire District Council,South Oxfordshire,,,,,E07000179,,38UD,,38UD,7000000000008250,E3133,
local-authority-eng,OXO,local-authority-eng:OXO,NMD,Non-metropolitan district,OXF,Oxford City Council,Oxford,,,,,E07000178,,38UC,,38UC,7000000000008440,E3132,
local-authority-eng,CHR,local-authority-eng:CHR,NMD,Non-metropolitan district,OXF,Cherwell District Council,Cherwell,,,,,E07000177,,38UB,,38UB,7000000000008500,E3131,
local-authority-eng,OXF,local-authority-eng:OXF,CTY,County,,Oxfordshire County Council,Oxfordshire,,,,,E10000025,,931,38-00,38,7000000000008320,E3120,
local-authority-eng,SEL,local-authority-eng:SEL,NMD,Non-metropolitan district,NYK,Selby District Council,Selby,,,,,E07000169,,36UH,,36UH,7000000000021050,E2757,
local-authority-eng,SCE,local-authority-eng:SCE,NMD,Non-metropolitan district,NTT,Scarborough Borough Council,Scarborough,,,,,E07000168,,36UG,,36UG,7000000000021350,E2736,
local-authority-eng,RYE,local-authority-eng:RYE,NMD,Non-metropolitan district,NYK,Ryedale District Council,Ryedale,,,,,E07000167,,36UF,,36UF,7000000000021290,E2755,
local-authority-eng,RIH,local-authority-eng:RIH,NMD,Non-metropolitan district,NYK,Richmondshire District Council,Richmondshire,,,,,E07000166,,36UE,,36UE,7000000000021980,E2734,
local-authority-eng,HAG,local-authority-eng:HAG,NMD,Non-metropolitan district,NYK,Harrogate Borough Council,Harrogate,,,,,E07000165,,36UD,,36UD,7000000000021490,E2753,
local-authority-eng,HAE,local-authority-eng:HAE,NMD,Non-metropolitan district,NYK,Hambleton District Council,Hambleton,,,,,E07000164,,36UC,,36UC,7000000000021480,E2732,
local-authority-eng,CRA,local-authority-eng:CRA,NMD,Non-metropolitan district,NYK,Craven District Council,Craven,,,,,E07000163,,36UB,,36UB,7000000000021690,E2731,
local-authority-eng,NYK,local-authority-eng:NYK,CTY,County,,North Yorkshire County Council,North Yorkshire,,,,,E10000023,,815,36-00,36,7000000000022020,E2721,
local-authority-eng,RUS,local-authority-eng:RUS,NMD,Non-metropolitan district,NTT,Rushcliffe Borough Council,Rushcliffe,,,,,E07000176,,37UJ,,37UJ,7000000000007730,E3038,
local-authority-eng,NEA,local-authority-eng:NEA,NMD,Non-metropolitan district,NTT,Newark and Sherwood District Council,Newark and Sherwood,Newark & Sherwood,,,,E07000175,,37UG,,37UG,7000000000008100,E3036,
local-authority-eng,MAS,local-authority-eng:MAS,NMD,Non-metropolitan district,NTT,Mansfield District Council,Mansfield,,,,,E07000174,,37UF,,37UF,7000000000008160,E3035,
local-authority-eng,GED,local-authority-eng:GED,NMD,Non-metropolitan district,NTT,Gedling Borough Council,Gedling,,,,,E07000173,,37UE,,37UE,7000000000007910,E3034,
local-authority-eng,BRT,local-authority-eng:BRT,NMD,Non-metropolitan district,NTT,Broxtowe Borough Council,Broxtowe,,,,,E07000172,,37UD,,37UD,7000000000007990,E3033,
local-authority-eng,BAE,local-authority-eng:BAE,NMD,Non-metropolitan district,OXF,Bassetlaw District Council,Bassetlaw,,,,,E07000171,,37UC,,37UC,7000000000008120,E3032,
local-authority-eng,ASH,local-authority-eng:ASH,NMD,Non-metropolitan district,NTT,Ashfield District Council,Ashfield,,,,,E07000170,,37UB,,37UB,7000000000007960,E3031,
local-authority-eng,NTT,local-authority-eng:NTT,CTY,County,,Nottinghamshire County Council,Nottinghamshire,,,,,E10000024,,891,37-00,37,7000000000008120,E3021,
local-authority-eng,WEL,local-authority-eng:WEL,NMD,Non-metropolitan district,NTH,Wellingborough Borough Council,Wellingborough,,,,,E07000156,,34UH,,34UH,7000000000007350,E2837,
local-authority-eng,SNR,local-authority-eng:SNR,NMD,Non-metropolitan district,NTH,South Northamptonshire Council,South Northamptonshire,,,,,E07000155,,34UG,,34UG,7000000000007300,E2836,
local-authority-eng,NOR,local-authority-eng:NOR,NMD,Non-metropolitan district,NTH,Northampton Borough Council,Northampton,,,,,E07000154,,34UF,,34UF,7000000000007470,E2835,
local-authority-eng,KET,local-authority-eng:KET,NMD,Non-metropolitan district,NTH,Kettering Borough Council,Kettering,,,,,E07000153,,34UE,,34UE,7000000000007400,E2834,
local-authority-eng,ENO,local-authority-eng:ENO,NMD,Non-metropolitan district,NYK,East Northamptonshire Council,East Northamptonshire,,,,,E07000152,,34UD,,34UD,7000000000007300,E2833,
local-authority-eng,DAV,local-authority-eng:DAV,NMD,Non-metropolitan district,NTH,Daventry District Council,Daventry,,,,,E07000151,,34UC,,34UC,7000000000007450,E2832,
local-authority-eng,COR,local-authority-eng:COR,NMD,Non-metropolitan district,NTH,Corby Borough Council,Corby,,,,,E07000150,,34UB,,34UB,7000000000007280,E2831,
local-authority-eng,NTH,local-authority-eng:NTH,CTY,County,,Northamptonshire County Council,Northamptonshire,,,,,E10000021,,928,34-00,34,7000000000007370,E2820,
local-authority-eng,SNO,local-authority-eng:SNO,NMD,Non-metropolitan district,NFK,South Norfolk District Council,South Norfolk,,,,,E07000149,,33UH,,33UH,7000000000006720,E2637,
local-authority-eng,NOW,local-authority-eng:NOW,NMD,Non-metropolitan district,NFK,Norwich City Council,Norwich,,,,,E07000148,,33UG,,33UG,7000000000006750,E2636,
local-authority-eng,NNO,local-authority-eng:NNO,NMD,Non-metropolitan district,NFK,North Norfolk District Council,North Norfolk,,,,,E07000147,,33UF,,33UF,7000000000007020,E2635,
local-authority-eng,KIN,local-authority-eng:KIN,NMD,Non-metropolitan district,NFK,Borough Council of Kings Lynn and West Norfolk,Kings Lynn and West Norfolk,King's Lynn & West Norfolk,Kings Lynn & West Norfolk,,,E07000146,,33UE,,33UE,7000000000007010,E2634,
local-authority-eng,GRY,local-authority-eng:GRY,NMD,Non-metropolitan district,NFK,Great Yarmouth Borough Council,Great Yarmouth,,,,,E07000145,,33UD,,33UD,7000000000006390,E2633,
local-authority-eng,BRO,local-authority-eng:BRO,NMD,Non-metropolitan district,NFK,Broadland District Council,Broadland,,,,,E07000144,,33UC,,33UC,7000000000006550,E2632,
local-authority-eng,BRE,local-authority-eng:BRE,NMD,Non-metropolitan district,NTH,Breckland District Council,Breckland,,,,,E07000143,,33UB,,33UB,7000000000006910,E2631,
local-authority-eng,NFK,local-authority-eng:NFK,CTY,County,,Norfolk County Council,Norfolk,,,,,E10000020,,926,33-00,33,7000000000007230,E2620,
local-authority-eng,WLI,local-authority-eng:WLI,NMD,Non-metropolitan district,NFK,West Lindsey District Council,West Lindsey,,,,,E07000142,,32UH,,32UH,7000000000043520,E2537,
local-authority-eng,SKE,local-authority-eng:SKE,NMD,Non-metropolitan district,LIN,South Kesteven District Council,South Kesteven,,,,,E07000141,,32UG,,32UG,7000000000005550,E2536,
local-authority-eng,SHO,local-authority-eng:SHO,NMD,Non-metropolitan district,LIN,South Holland District Council,South Holland,,,,,E07000140,,32UF,,32UF,7000000000005590,E2535,
local-authority-eng,NKE,local-authority-eng:NKE,NMD,Non-metropolitan district,LIN,North Kesteven District Council,North Kesteven,,,,,E07000139,,32UE,,32UE,7000000000005540,E2534,
local-authority-eng,LIC,local-authority-eng:LIC,NMD,Non-metropolitan district,LIN,City of Lincoln Council,City of Lincoln,Lincoln,,,,E07000138,,32UD,,32UD,7000000000005710,E2533,
local-authority-eng,ELI,local-authority-eng:ELI,NMD,Non-metropolitan district,LIN,East Lindsey District Council,East Lindsey,,,,,E07000137,,32UC,,32UC,7000000000005310,E2532,
local-authority-eng,BOT,local-authority-eng:BOT,NMD,Non-metropolitan district,LIN,Boston Borough Council,Boston,,,,,E07000136,,32UB,,32UB,7000000000005300,E2531,
local-authority-eng,LIN,local-authority-eng:LIN,CTY,County,,Lincolnshire County Council,Lincolnshire,,,,,E10000019,,925,32-00,32,7000000000005940,E2520,
local-authority-eng,OAD,local-authority-eng:OAD,NMD,Non-metropolitan district,LEC,Oadby and Wigston Borough Council,Oadby and Wigston,Oadby & Wigston,,,,E07000135,,31UJ,,31UJ,7000000000023410,E2438,
local-authority-eng,NWL,local-authority-eng:NWL,NMD,Non-metropolitan district,LIN,North West Leicestershire District Council,North West Leicestershire,,,,,E07000134,,31UH,,31UH,7000000000023610,E2437,
local-authority-eng,MEL,local-authority-eng:MEL,NMD,Non-metropolitan district,LEC,Melton Borough Council,Melton,,,,,E07000133,,31UG,,31UG,7000000000023350,E2436,
local-authority-eng,HIN,local-authority-eng:HIN,NMD,Non-metropolitan district,LEC,Hinckley and Bosworth Borough Council,Hinckley and Bosworth,Hinckley & Bosworth,,,,E07000132,,31UE,,31UE,7000000000023550,E2434,
local-authority-eng,HAO,local-authority-eng:HAO,NMD,Non-metropolitan district,LEC,Harborough District Council,Harborough,,,,,E07000131,,31UD,,31UD,7000000000023270,E2433,
local-authority-eng,CHA,local-authority-eng:CHA,NMD,Non-metropolitan district,LEC,Charnwood Borough Council,Charnwood,,,,,E07000130,,31UC,,31UC,7000000000023450,E2432,
local-authority-eng,BLA,local-authority-eng:BLA,NMD,Non-metropolitan district,LEC,Blaby District Council,Blaby,,,,,E07000129,,31UB,,31UB,7000000000023580,E2431,
local-authority-eng,LEC,local-authority-eng:LEC,CTY,County,,Leicestershire County Council,Leicestershire,,,,,E10000018,,855,31-00,31,7000000000023420,E2421,
local-authority-eng,WYR,local-authority-eng:WYR,NMD,Non-metropolitan district,LAN,Wyre Borough Council,Wyre,,,,,E07000128,,30UQ,,30UQ,7000000000004920,E2344,
local-authority-eng,WLA,local-authority-eng:WLA,NMD,Non-metropolitan district,LAN,West Lancashire Borough Council,West Lancashire,,,,,E07000127,,30UP,,30UP,7000000000004910,E2343,
local-authority-eng,SRI,local-authority-eng:SRI,NMD,Non-metropolitan district,LAN,South Ribble Borough Council,South Ribble,,,,,E07000126,,30UN,,30UN,7000000000004830,E2342,
local-authority-eng,ROS,local-authority-eng:ROS,NMD,Non-metropolitan district,LEC,Rossendale Borough Council,Rossendale,,,,,E07000125,,30UM,,30UM,7000000000004570,E2341,
local-authority-eng,RIB,local-authority-eng:RIB,NMD,Non-metropolitan district,LEC,Ribble Valley Borough Council,Ribble Valley,,,,,E07000124,,30UL,,30UL,7000000000004710,E2340,
local-authority-eng,PRE,local-authority-eng:PRE,NMD,Non-metropolitan district,LAN,Preston City Council,Preston,,,,,E07000123,,30UK,,30UK,7000000000004850,E2339,
local-authority-eng,PEN,local-authority-eng:PEN,NMD,Non-metropolitan district,LEC,Pendle Borough Council,Pendle,,,,,E07000122,,30UJ,,30UJ,7000000000043740,E2338,
local-authority-eng,LAC,local-authority-eng:LAC,NMD,Non-metropolitan district,LEC,Lancaster City Council,Lancaster,,,,,E07000121,,30UH,,30UH,7000000000004920,E2337,
local-authority-eng,HYN,local-authority-eng:HYN,NMD,Non-metropolitan district,LEC,Hyndburn Borough Council,Hyndburn,,,,,E07000120,,30UG,,30UG,7000000000004620,E2336,
local-authority-eng,FYL,local-authority-eng:FYL,NMD,Non-metropolitan district,LAN,Fylde Borough Council,Fylde,,,,,E07000119,,30UF,,30UF,7000000000004980,E2335,
local-authority-eng,CHO,local-authority-eng:CHO,NMD,Non-metropolitan district,LAN,Chorley Borough Council,Chorley,,,,,E07000118,,30UE,,30UE,7000000000004760,E2334,
local-authority-eng,BUN,local-authority-eng:BUN,NMD,Non-metropolitan district,LEC,Burnley Borough Council,Burnley,,,,,E07000117,,30UD,,30UD,7000000000004560,E2333,
local-authority-eng,LAN,local-authority-eng:LAN,CTY,County,,Lancashire County Council,Lancashire,,,,,E10000017,,888,30-00,30,7000000000005150,E2321,
local-authority-eng,TUN,local-authority-eng:TUN,NMD,Non-metropolitan district,KEN,Tunbridge Wells Borough Council,Tunbridge Wells,,,,,E07000116,,29UQ,,29UQ,7000000000018650,E2244,
local-authority-eng,TON,local-authority-eng:TON,NMD,Non-metropolitan district,KEN,Tonbridge and Malling Borough Council,Tonbridge and Malling,Tonbridge & Malling,,,,E07000115,,29UP,,29UP,7000000000018340,E2243,
local-authority-eng,THA,local-authority-eng:THA,NMD,Non-metropolitan district,LAN,Thanet District Council,Thanet,,,,,E07000114,,29UN,,29UN,7000000000018130,E2242,
local-authority-eng,SWL,local-authority-eng:SWL,NMD,Non-metropolitan district,LAN,Swale Borough Council,Swale,,,,,E07000113,,29UM,,29UM,7000000000018240,E2241,
local-authority-eng,SHE,local-authority-eng:SHE,NMD,Non-metropolitan district,LAN,Shepway District Council,Shepway,,,,,E07000112,,29UL,,29UL,7000000000018080,E2240,
local-authority-eng,SEV,local-authority-eng:SEV,NMD,Non-metropolitan district,KEN,Sevenoaks District Council,Sevenoaks,,,,,E07000111,,29UK,,29UK,7000000000018590,E2239,
local-authority-eng,MAI,local-authority-eng:MAI,NMD,Non-metropolitan district,KEN,Maidstone Borough Council,Maidstone,,,,,E07000110,,29UH,,29UH,7000000000018220,E2237,
local-authority-eng,GRA,local-authority-eng:GRA,NMD,Non-metropolitan district,KEN,Gravesham Borough Council,Gravesham,,,,,E07000109,,29UG,,29UG,7000000000018510,E2236,
local-authority-eng,DOV,local-authority-eng:DOV,NMD,Non-metropolitan district,LAN,Dover District Council,Dover,,,,,E07000108,,29UE,,29UE,7000000000017970,E2234,
local-authority-eng,DAR,local-authority-eng:DAR,NMD,Non-metropolitan district,KEN,Dartford Borough Council,Dartford,,,,,E07000107,,29UD,,29UD,7000000000018630,E2233,
local-authority-eng,CAT,local-authority-eng:CAT,NMD,Non-metropolitan district,LAN,Canterbury City Council,Canterbury,,,,,E07000106,,29UC,,29UC,7000000000018130,E2232,
local-authority-eng,ASF,local-authority-eng:ASF,NMD,Non-metropolitan district,LAN,Ashford Borough Council,Ashford,,,,,E07000105,,29UB,,29UB,7000000000018230,E2231,
local-authority-eng,KEN,local-authority-eng:KEN,CTY,County,,Kent County Council,Kent,,,,,E10000016,,886,29-00,29,7000000000018210,E2221,
local-authority-eng,WEW,local-authority-eng:WEW,NMD,Non-metropolitan district,HRT,Welwyn Hatfield Borough Council,Welwyn Hatfield,,,,,E07000241,E07000104,26UL,,26UL,7000000000003720,E1940,
local-authority-eng,WAT,local-authority-eng:WAT,NMD,Non-metropolitan district,HRT,Watford Borough Council,Watford,,,,,E07000103,,26UK,,26UK,7000000000003790,E1939,
local-authority-eng,THE,local-authority-eng:THE,NMD,Non-metropolitan district,HRT,Three Rivers District Council,Three Rivers,,,,,E07000102,,26UJ,,26UJ,7000000000003820,E1938,
local-authority-eng,STV,local-authority-eng:STV,NMD,Non-metropolitan district,KEN,Stevenage Borough Council,Stevenage,,,,,E07000243,E07000101,26UH,,26UH,7000000000003740,E1937,
local-authority-eng,SAL,local-authority-eng:SAL,NMD,Non-metropolitan district,KEN,St Albans City and District Council,St Albans,,,,,E07000240,E07000100,26UG,,26UG,7000000000003870,E1936,
local-authority-eng,NHE,local-authority-eng:NHE,NMD,Non-metropolitan district,KEN,North Hertfordshire District Council,North Hertfordshire,,,,,E07000099,,26UF,,26UF,7000000000003890,E1935,
local-authority-eng,HER,local-authority-eng:HER,NMD,Non-metropolitan district,HRT,Hertsmere Borough Council,Hertsmere,,,,,E07000098,,26UE,,26UE,7000000000003700,E1934,
local-authority-eng,EHE,local-authority-eng:EHE,NMD,Non-metropolitan district,HRT,East Hertfordshire District Council,East Hertfordshire,,,,,E07000242,E07000097,26UD,,26UD,7000000000003670,E1933,
local-authority-eng,DAC,local-authority-eng:DAC,NMD,Non-metropolitan district,KEN,Dacorum Borough Council,Dacorum,,,,,E07000096,,26UC,,26UC,7000000000003920,E1932,
local-authority-eng,BRX,local-authority-eng:BRX,NMD,Non-metropolitan district,HRT,Broxbourne Borough Council,Broxbourne,,,,,E07000095,,26UB,,26UB,7000000000003620,E1931,
local-authority-eng,HRT,local-authority-eng:HRT,CTY,County,,Hertfordshire County Council,Hertfordshire,,,,,E10000015,,919,26-00,26,7000000000003900,E1920,
local-authority-eng,WIN,local-authority-eng:WIN,NMD,Non-metropolitan district,HAM,Winchester City Council,Winchester,,,,,E07000094,,24UP,,24UP,7000000000017750,E1743,
local-authority-eng,TES,local-authority-eng:TES,NMD,Non-metropolitan district,HRT,Test Valley Borough Council,Test Valley,,,,,E07000093,,24UN,,24UN,7000000000043510,E1742,
local-authority-eng,RUH,local-authority-eng:RUH,NMD,Non-metropolitan district,HRT,Rushmoor Borough Council,Rushmoor,,,,,E07000092,,24UL,,24UL,7000000000017270,E1740,
local-authority-eng,NEW,local-authority-eng:NEW,NMD,Non-metropolitan district,HRT,New Forest District Council,New Forest,,,,,E07000091,,24UJ,,24UJ,7000000000017730,E1738,
local-authority-eng,HAA,local-authority-eng:HAA,NMD,Non-metropolitan district,HAM,Havant Borough Council,Havant,,,,,E07000090,,24UH,,24UH,7000000000017290,E1737,
local-authority-eng,HAT,local-authority-eng:HAT,NMD,Non-metropolitan district,HAM,Hart District Council,Hart,,,,,E07000089,,24UG,,24UG,7000000000017480,E1736,
local-authority-eng,GOS,local-authority-eng:GOS,NMD,Non-metropolitan district,HAM,Gosport Borough Council,Gosport,,,,,E07000088,,24UF,,24UF,7000000000017370,E1735,
local-authority-eng,FAR,local-authority-eng:FAR,NMD,Non-metropolitan district,HAM,Fareham Borough Council,Fareham,,,,,E07000087,,24UE,,24UE,7000000000017540,E1734,
local-authority-eng,EAT,local-authority-eng:EAT,NMD,Non-metropolitan district,HRT,Eastleigh Borough Council,Eastleigh,,,,,E07000086,,24UD,,24UD,7000000000017590,E1733,
local-authority-eng,EHA,local-authority-eng:EHA,NMD,Non-metropolitan district,HAM,East Hampshire District Council,East Hampshire,,,,,E07000085,,24UC,,24UC,7000000000017310,E1732,
local-authority-eng,BAN,local-authority-eng:BAN,NMD,Non-metropolitan district,HRT,Basingstoke and Deane Borough Council,Basingstoke and Deane,Basingstoke & Deane,,,,E07000084,,24UB,,24UB,7000000000017650,E1731,
local-authority-eng,HAM,local-authority-eng:HAM,CTY,County,,Hampshire County Council,Hampshire,,,,,E10000014,,850,24-00,24,7000000000017760,E1721,
local-authority-eng,TEW,local-authority-eng:TEW,NMD,Non-metropolitan district,GLS,Tewkesbury Borough Council,Tewkesbury,,,,,E07000083,,23UG,,23UG,7000000000020380,E1636,
local-authority-eng,STO,local-authority-eng:STO,NMD,Non-metropolitan district,GLS,Stroud District Council,Stroud,,,,,E07000082,,23UF,,23UF,7000000000020570,E1635,
local-authority-eng,GLO,local-authority-eng:GLO,NMD,Non-metropolitan district,GLS,Gloucester City Council,Gloucester,,,,,E07000081,,23UE,,23UE,7000000000020390,E1634,
local-authority-eng,FOE,local-authority-eng:FOE,NMD,Non-metropolitan district,GLS,Forest of Dean District Council,Forest of Dean,,,,,E07000080,,23UD,,23UD,7000000000020500,E1633,
local-authority-eng,COT,local-authority-eng:COT,NMD,Non-metropolitan district,GLS,Cotswold District Council,Cotswold,,,,,E07000079,,23UC,,23UC,7000000000020220,E1632,
local-authority-eng,CHT,local-authority-eng:CHT,NMD,Non-metropolitan district,GLS,Cheltenham Borough Council,Cheltenham,,,,,E07000078,,23UB,,23UB,7000000000020270,E1631,
local-authority-eng,GLS,local-authority-eng:GLS,CTY,County,,Gloucestershire County Council,Gloucestershire,,,,,E10000013,,916,23-00,23,7000000000020610,E1620,
local-authority-eng,WSM,local-authority-eng:WSM,LBO,London borough,GLA,City of Westminster,Westminster,,,,,E09000033,,213,,00BK,7000000000011160,E5022,
local-authority-eng,WND,local-authority-eng:WND,LBO,London borough,GLA,London Borough of Wandsworth,Wandsworth,,,,,E09000032,,212,,00BJ,7000000000011120,E5021,
local-authority-eng,WFT,local-authority-eng:WFT,LBO,London borough,GLA,London Borough of Waltham Forest,Waltham Forest,,,,,E09000031,,320,,00BH,7000000000011210,E5049,
local-authority-eng,TWH,local-authority-eng:TWH,LBO,London borough,GLA,London Borough of Tower Hamlets,Tower Hamlets,,,,,E09000030,,211,,00BG,7000000000011180,E5020,
local-authority-eng,SWK,local-authority-eng:SWK,LBO,London borough,GLA,London Borough of Southwark,Southwark,,,,,E09000028,,210,,00BE,7000000000011010,E5019,
local-authority-eng,STN,local-authority-eng:STN,LBO,London borough,GLA,London Borough of Sutton,Sutton,,,,,E09000029,,319,,00BF,7000000000010870,E5048,
local-authority-eng,RIC,local-authority-eng:RIC,LBO,London borough,GLA,London Borough of Richmond upon Thames,Richmond upon Thames,,,,,E09000027,,318,,00BD,7000000000011420,E5047,
local-authority-eng,RDB,local-authority-eng:RDB,LBO,London borough,GLA,London Borough of Redbridge,Redbridge,,,,,E09000026,,317,,00BC,7000000000010950,E5046,
local-authority-eng,NWM,local-authority-eng:NWM,LBO,London borough,GLA,London Borough of Newham,Newham,,,,,E09000025,,316,,00BB,7000000000010920,E5045,
local-authority-eng,MRT,local-authority-eng:MRT,LBO,London borough,GLA,London Borough of Merton,Merton,,,,,E09000024,,315,,00BA,7000000000010990,E5044,
local-authority-eng,LEW,local-authority-eng:LEW,LBO,London borough,GLA,London Borough of Lewisham,Lewisham,,,,,E09000023,,209,,00AZ,7000000000011030,E5018,
local-authority-eng,LBH,local-authority-eng:LBH,LBO,London borough,GLA,London Borough of Lambeth,Lambeth,,,,,E09000022,,208,,00AY,7000000000011140,E5017,
local-authority-eng,KTT,local-authority-eng:KTT,LBO,London borough,GLA,Royal Borough of Kingston upon Thames,Kingston upon Thames,,,,,E09000021,,314,,00AX,7000000000011410,E5043,
local-authority-eng,KEC,local-authority-eng:KEC,LBO,London borough,GLA,Royal Borough of Kensington and Chelsea,Kensington and Chelsea,Kensington & Chelsea,,,,E09000020,,207,,00AW,7000000000011270,E5016,
local-authority-eng,ISL,local-authority-eng:ISL,LBO,London borough,GLA,London Borough of Islington,Islington,,,,,E09000019,,206,,00AU,7000000000011280,E5015,
local-authority-eng,HRY,local-authority-eng:HRY,LBO,London borough,GLA,London Borough of Haringey,Haringey,,,,,E09000014,,309,,00AP,7000000000011290,E5038,
local-authority-eng,HRW,local-authority-eng:HRW,LBO,London borough,GLA,London Borough of Harrow,Harrow,,,,,E09000015,,310,,00AQ,7000000000011390,E5039,
local-authority-eng,HNS,local-authority-eng:HNS,LBO,London borough,GLA,London Borough of Hounslow,Hounslow,,,,,E09000018,,313,,00AT,7000000000011480,E5042,
local-authority-eng,HMF,local-authority-eng:HMF,LBO,London borough,GLA,London Borough of Hammersmith & Fulham,Hammersmith and Fulham,Hammersmith & Fulham,,,,E09000013,,205,,00AN,7000000000011250,E5014,
local-authority-eng,HIL,local-authority-eng:HIL,LBO,London borough,GLA,London Borough of Hillingdon,Hillingdon,,,,,E09000017,,312,,00AS,7000000000011530,E5041,
local-authority-eng,HCK,local-authority-eng:HCK,LBO,London borough,GLA,London Borough of Hackney,Hackney,,,,,E09000012,,204,,00AM,7000000000011190,E5013,
local-authority-eng,HAV,local-authority-eng:HAV,LBO,London borough,GLA,London Borough of Havering,Havering,,,,,E09000016,,311,,00AR,7000000000010800,E5040,
local-authority-eng,GRE,local-authority-eng:GRE,LBO,London borough,GLA,Royal Borough of Greenwich,Greenwich,,,,,E09000011,,203,,00AL,7000000000010770,E5012,
local-authority-eng,ENF,local-authority-eng:ENF,LBO,London borough,GLA,London Borough of Enfield,Enfield,,,,,E09000010,,308,,00AK,7000000000011320,E5037,
local-authority-eng,EAL,local-authority-eng:EAL,LBO,London borough,GLA,London Borough of Ealing,Ealing,,,,,E09000009,,307,,00AJ,7000000000011390,E5036,
local-authority-eng,CRY,local-authority-eng:CRY,LBO,London borough,GLA,London Borough of Croydon,Croydon,,,,,E09000008,,306,,00AH,7000000000010890,E5035,
local-authority-eng,CMD,local-authority-eng:CMD,LBO,London borough,GLA,London Borough of Camden,Camden,,,,,E09000007,,202,,00AG,7000000000011240,E5011,
local-authority-eng,BRY,local-authority-eng:BRY,LBO,London borough,GLA,London Borough of Bromley,Bromley,,,,,E09000006,,305,,00AF,7000000000010770,E5034,
local-authority-eng,BNE,local-authority-eng:BNE,LBO,London borough,GLA,London Borough of Barnet,Barnet,,,,,E09000003,,302,,00AC,7000000000011370,E5031,
local-authority-eng,BEX,local-authority-eng:BEX,LBO,London borough,GLA,London Borough of Bexley,Bexley,,,,,E09000004,,303,,00AD,7000000000010750,E5032,
local-authority-eng,BEN,local-authority-eng:BEN,LBO,London borough,GLA,London Borough of Brent,Brent,,,,,E09000005,,304,,00AE,7000000000011440,E5033,
local-authority-eng,BDG,local-authority-eng:BDG,LBO,London borough,GLA,London Borough of Barking and Dagenham,Barking and Dagenham,Barking & Dagenham,,,,E09000002,,301,,00AB,7000000000010940,E5030,
local-authority-eng,WEA,local-authority-eng:WEA,NMD,Non-metropolitan district,ESX,Wealden District Council,Wealden,,,,,E07000065,,21UH,,21UH,7000000000002670,E1437,
local-authority-eng,ROH,local-authority-eng:ROH,NMD,Non-metropolitan district,ESX,Rother District Council,Rother,,,,,E07000064,,21UG,,21UG,7000000000002850,E1436,
local-authority-eng,LEE,local-authority-eng:LEE,NMD,Non-metropolitan district,ESX,Lewes District Council,Lewes,,,,,E07000063,,21UF,,21UF,7000000000002890,E1435,
local-authority-eng,HAS,local-authority-eng:HAS,NMD,Non-metropolitan district,ESX,Hastings Borough Council,Hastings,,,,,E07000062,,21UD,,21UD,7000000000002580,E1433,
local-authority-eng,EAS,local-authority-eng:EAS,NMD,Non-metropolitan district,ESX,Eastbourne Borough Council,Eastbourne,,,,,E07000061,,21UC,,21UC,7000000000002630,E1432,
local-authority-eng,ESX,local-authority-eng:ESX,CTY,County,,East Sussex County Council,East Sussex,,,,,E10000011,,845,21-00,21,7000000000002620,E1421,
local-authority-eng,UTT,local-authority-eng:UTT,NMD,Non-metropolitan district,GLS,Uttlesford District Council,Uttlesford,,,,,E07000077,,22UQ,,22UQ,7000000000020030,E1544,
local-authority-eng,TEN,local-authority-eng:TEN,NMD,Non-metropolitan district,GLS,Tendring District Council,Tendring,,,,,E07000076,,22UN,,22UN,7000000000019540,E1542,
local-authority-eng,ROC,local-authority-eng:ROC,NMD,Non-metropolitan district,ESS,Rochford District Council,Rochford,,,,,E07000075,,22UL,,22UL,7000000000019620,E1540,
local-authority-eng,MAL,local-authority-eng:MAL,NMD,Non-metropolitan district,GLS,Maldon District Council,Maldon,,,,,E07000074,,22UK,,22UK,7000000000019500,E1539,
local-authority-eng,HAR,local-authority-eng:HAR,NMD,Non-metropolitan district,ESS,Harlow District Council,Harlow,,,,,E07000073,,22UJ,,22UJ,7000000000020080,E1538,
local-authority-eng,EPP,local-authority-eng:EPP,NMD,Non-metropolitan district,ESS,Epping Forest District Council,Epping Forest,,,,,E07000072,,22UH,,22UH,7000000000019960,E1537,
local-authority-eng,COL,local-authority-eng:COL,NMD,Non-metropolitan district,GLS,Colchester Borough Council,Colchester,,,,,E07000071,,22UG,,22UG,7000000000019560,E1536,
local-authority-eng,CHL,local-authority-eng:CHL,NMD,Non-metropolitan district,GLS,Chelmsford City Council,Chelmsford,,,,,E07000070,,22UF,,22UF,7000000000019700,E1535,
local-authority-eng,CAS,local-authority-eng:CAS,NMD,Non-metropolitan district,ESS,Castle Point Borough Council,Castle Point,,,,,E07000069,,22UE,,22UE,7000000000019450,E1534,
local-authority-eng,BRW,local-authority-eng:BRW,NMD,Non-metropolitan district,ESS,Brentwood Borough Council,Brentwood,,,,,E07000068,,22UD,,22UD,7000000000019980,E1533,
local-authority-eng,BRA,local-authority-eng:BRA,NMD,Non-metropolitan district,GLS,Braintree District Council,Braintree,,,,,E07000067,,22UC,,22UC,7000000000019790,E1532,
local-authority-eng,BAI,local-authority-eng:BAI,NMD,Non-metropolitan district,ESS,Basildon Borough Council,Basildon,,,,,E07000066,,22UB,,22UB,7000000000019730,E1531,
local-authority-eng,ESS,local-authority-eng:ESS,CTY,County,,Essex County Council,Essex,,,,,E10000012,,881,22-00,22,7000000000019680,E1521,
local-authority-eng,WEY,local-authority-eng:WEY,NMD,Non-metropolitan district,DOR,Weymouth and Portland Borough Council,Weymouth and Portland,Weymouth & Portland,,,,E07000053,,19UJ,,19UJ,7000000000014500,E1238,
local-authority-eng,WDO,local-authority-eng:WDO,NMD,Non-metropolitan district,DOR,West Dorset District Council,West Dorset,,,,,E07000052,,19UH,,19UH,7000000000014530,E1237,
local-authority-eng,PUR,local-authority-eng:PUR,NMD,Non-metropolitan district,DOR,Purbeck District Council,Purbeck,,,,,E07000051,,19UG,,19UG,7000000000014360,E1236,
local-authority-eng,NDO,local-authority-eng:NDO,NMD,Non-metropolitan district,DOR,North Dorset District Council,North Dorset,,,,,E07000050,,19UE,,19UE,7000000000014450,E1234,
local-authority-eng,EDO,local-authority-eng:EDO,NMD,Non-metropolitan district,DOR,East Dorset District Council,East Dorset,,,,,E07000049,,19UD,,19UD,7000000000014420,E1233,
local-authority-eng,CHC,local-authority-eng:CHC,NMD,Non-metropolitan district,DOR,Christchurch Borough Council,Christchurch,,,,,E07000048,,19UC,,19UC,7000000000014200,E1232,
local-authority-eng,DOR,local-authority-eng:DOR,CTY,County,,Dorset County Council,Dorset,,,,,E10000009,,835,19-00,19,7000000000014360,E1221,
local-authority-eng,WDE,local-authority-eng:WDE,NMD,Non-metropolitan district,DEV,West Devon Borough Council,West Devon,,,,,E07000047,,18UL,,18UL,7000000000022760,E1140,
local-authority-eng,TOR,local-authority-eng:TOR,NMD,Non-metropolitan district,DEV,Torridge District Council,Torridge,,,,,E07000046,,18UK,,18UK,7000000000022970,E1139,
local-authority-eng,TEI,local-authority-eng:TEI,NMD,Non-metropolitan district,DOR,Teignbridge District Council,Teignbridge,,,,,E07000045,,18UH,,18UH,7000000000022880,E1137,
local-authority-eng,SHA,local-authority-eng:SHA,NMD,Non-metropolitan district,DOR,South Hams District Council,South Hams,,,,,E07000044,,18UG,,18UG,7000000000022560,E1136,
local-authority-eng,NDE,local-authority-eng:NDE,NMD,Non-metropolitan district,DEV,North Devon District Council,North Devon,,,,,E07000043,,18UE,,18UE,7000000000022930,E1134,
local-authority-eng,MDE,local-authority-eng:MDE,NMD,Non-metropolitan district,DEV,Mid Devon District Council,Mid Devon,,,,,E07000042,,18UD,,18UD,7000000000022900,E1133,
local-authority-eng,EXE,local-authority-eng:EXE,NMD,Non-metropolitan district,DEV,Exeter City Council,Exeter,,,,,E07000041,,18UC,,18UC,7000000000022600,E1132,
local-authority-eng,EDE,local-authority-eng:EDE,NMD,Non-metropolitan district,DEV,East Devon District Council,East Devon,,,,,E07000040,,18UB,,18UB,7000000000022710,E1131,
local-authority-eng,DEV,local-authority-eng:DEV,CTY,County,,Devon County Council,Devon,,,,,E10000008,,878,18-00,18,7000000000023140,E1121,
local-authority-eng,SDE,local-authority-eng:SDE,NMD,Non-metropolitan district,DBY,South Derbyshire District Council,South Derbyshire,,,,,E07000039,,17UK,,17UK,7000000000013540,E1039,
local-authority-eng,NED,local-authority-eng:NED,NMD,Non-metropolitan district,DBY,North East Derbyshire District Council,North East Derbyshire,,,,,E07000038,,17UJ,,17UJ,7000000000013390,E1038,
local-authority-eng,HIG,local-authority-eng:HIG,NMD,Non-metropolitan district,DBY,High Peak Borough Council,High Peak,,,,,E07000037,,17UH,,17UH,7000000000013750,E1037,
local-authority-eng,ERE,local-authority-eng:ERE,NMD,Non-metropolitan district,DBY,Erewash Borough Council,Erewash,,,,,E07000036,,17UG,,17UG,7000000000013260,E1036,
local-authority-eng,DEB,local-authority-eng:DEB,NMD,Non-metropolitan district,DBY,Derbyshire Dales District Council,Derbyshire Dales,,,,,E07000035,,17UF,,17UF,7000000000013670,E1035,
local-authority-eng,CHS,local-authority-eng:CHS,NMD,Non-metropolitan district,DEV,Chesterfield Borough Council,Chesterfield,,,,,E07000034,,17UD,,17UD,7000000000013710,E1033,
local-authority-eng,BOS,local-authority-eng:BOS,NMD,Non-metropolitan district,DEV,Bolsover District Council,Bolsover,,,,,E07000033,,17UC,,17UC,7000000000013350,E1032,
local-authority-eng,AMB,local-authority-eng:AMB,NMD,Non-metropolitan district,DBY,Amber Valley Borough Council,Amber Valley,,,,,E07000032,,17UB,,17UB,7000000000013400,E1031,
local-authority-eng,DBY,local-authority-eng:DBY,CTY,County,,Derbyshire County Council,Derbyshire,,,,,E10000007,,830,17-00,17,7000000000013680,E1021,
local-authority-eng,DER,local-authority-eng:DER,UA,Unitary authority,,Derby City Council,Derby,Derby City UA,Derby UA,,,E06000015,,831,00-FK,00FK,7000000000037530,E1001,
local-authority-eng,SLA,local-authority-eng:SLA,NMD,Non-metropolitan district,CMA,South Lakeland District Council,South Lakeland,,,,,E07000031,,16UG,,16UG,7000000000012930,E0936,
local-authority-eng,EDN,local-authority-eng:EDN,NMD,Non-metropolitan district,CMA,Eden District Council,Eden,,,,,E07000030,,16UF,,16UF,7000000000013040,E0935,
local-authority-eng,COP,local-authority-eng:COP,NMD,Non-metropolitan district,CMA,Copeland Borough Council,Copeland,,,,,E07000029,,16UE,,16UE,7000000000012960,E0934,
local-authority-eng,CAR,local-authority-eng:CAR,NMD,Non-metropolitan district,CMA,Carlisle City Council,Carlisle,,,,,E07000028,,16UD,,16UD,7000000000012710,E0933,
local-authority-eng,BAR,local-authority-eng:BAR,NMD,Non-metropolitan district,CMA,Barrow-in-Furness Borough Council,Barrow-in-Furness,,,,,E07000027,,16UC,,16UC,7000000000012940,E0932,
local-authority-eng,ALL,local-authority-eng:ALL,NMD,Non-metropolitan district,CMA,Allerdale Borough Council,Allerdale,,,,,E07000026,,16UB,,16UB,7000000000013060,E0931,
local-authority-eng,CMA,local-authority-eng:CMA,CTY,County,,Cumbria County Council,Cumbria,,,,,E10000006,,909,16-00,16,7000000000013240,E0920,
local-authority-eng,SCA,local-authority-eng:SCA,NMD,Non-metropolitan district,CAM,South Cambridgeshire District Council,South Cambridgeshire,,,,,E07000012,,12UG,,12UG,7000000000001300,E0536,
local-authority-eng,HUN,local-authority-eng:HUN,NMD,Non-metropolitan district,CAM,Huntingdonshire District Council,Huntingdonshire,,,,,E07000011,,12UE,,12UE,7000000000001470,E0551,
local-authority-eng,FEN,local-authority-eng:FEN,NMD,Non-metropolitan district,CAM,Fenland District Council,Fenland,,,,,E07000010,,12UD,,12UD,7000000000001350,E0533,
local-authority-eng,ECA,local-authority-eng:ECA,NMD,Non-metropolitan district,CAM,East Cambridgeshire District Council,East Cambridgeshire,,,,,E07000009,,12UC,,12UC,7000000000001340,E0532,
local-authority-eng,CAB,local-authority-eng:CAB,NMD,Non-metropolitan district,CAM,Cambridge City Council,Cambridge,,,,,E07000008,,12UB,,12UB,7000000000001250,E0531,
local-authority-eng,CAM,local-authority-eng:CAM,CTY,County,,Cambridgeshire County Council,Cambridgeshire,,,,,E10000003,,873,12-00,12,7000000000001380,E0521,
local-authority-eng,WYO,local-authority-eng:WYO,NMD,Non-metropolitan district,BKM,Wycombe District Council,Wycombe,,,,,E07000007,,11UF,,11UF,7000000000011880,E0435,
local-authority-eng,SBU,local-authority-eng:SBU,NMD,Non-metropolitan district,BKM,South Bucks District Council,South Bucks,,,,,E07000006,,11UE,,11UE,7000000000011690,E0434,
local-authority-eng,CHN,local-authority-eng:CHN,NMD,Non-metropolitan district,BKM,Chiltern District Council,Chiltern,,,,,E07000005,,11UC,,11UC,7000000000011770,E0432,
local-authority-eng,AYL,local-authority-eng:AYL,NMD,Non-metropolitan district,BKM,Aylesbury Vale District Council,Aylesbury Vale,,,,,E07000004,,11UB,,11UB,7000000000011900,E0431,
local-authority-eng,BKM,local-authority-eng:BKM,CTY,County,,Buckinghamshire County Council,Buckinghamshire,,,19-06-05,,E10000002,,825,11-00,11,7000000000011900,E0421,
local-authority-eng,YOR,local-authority-eng:YOR,UA,Unitary authority,,City of York Council,York,York UA,,18-06-05,,E06000014,,816,00-FF,00FF,7000000000025590,E2701,
local-authority-eng,WRT,local-authority-eng:WRT,UA,Unitary authority,,Warrington Borough Council,Warrington,Warrington UA,,20-06-05,,E06000007,,877,00-EU,00EU,7000000000038840,E0602,
local-authority-eng,WRL,local-authority-eng:WRL,MD,Metropolitan district,,Wirral Borough Council,Wirral,,,01-04-74,,E08000015,,344,00-CB,00CB,7000000000006060,E4305,
local-authority-eng,WOK,local-authority-eng:WOK,UA,Unitary authority,,Wokingham Borough Council,Wokingham,Wokingham UA,,20-06-05,,E06000041,,872,00-MF,00MF,7000000000038890,E0306,
local-authority-eng,WNM,local-authority-eng:WNM,UA,Unitary authority,,Royal Borough of Windsor and Maidenhead,Windsor and Maidenhead,Windsor & Maidenhead UA,,20-06-05,,E06000040,,868,00-ME,00ME,7000000000038890,E0305,
local-authority-eng,WLV,local-authority-eng:WLV,MD,Metropolitan district,,City of Wolverhampton Council,Wolverhampton,,,01-04-74,,E08000031,,336,00-CW,00CW,7000000000000150,E4607,
local-authority-eng,WLL,local-authority-eng:WLL,MD,Metropolitan district,,Walsall Metropolitan Borough Council,Walsall,,,01-04-74,,E08000030,,335,00-CU,00CU,7000000000000070,E4606,
local-authority-eng,WKF,local-authority-eng:WKF,MD,Metropolitan district,,Wakefield Metropolitan District Council,Wakefield,,,01-04-74,,E08000036,,384,00-DB,00DB,7000000000016750,E4705,
local-authority-eng,WIL,local-authority-eng:WIL,UA,Unitary authority,,Wiltshire Council,Wiltshire,Wiltshire UA,,01-04-09,,E06000054,,865,00-HY,00HY,7000000000043920,E3902,
local-authority-eng,WGN,local-authority-eng:WGN,MD,Metropolitan district,,Wigan Metropolitan Borough Council,Wigan,,,01-04-74,,E08000010,,359,00-BW,00BW,7000000000018860,E4210,
local-authority-eng,WBK,local-authority-eng:WBK,UA,Unitary authority,,West Berkshire Council,West Berkshire,West Berkshire UA,,20-06-05,,E06000037,,869,00-MB,00MB,7000000000038890,E0302,
local-authority-eng,TRF,local-authority-eng:TRF,MD,Metropolitan district,,Trafford Metropolitan Borough Council,Trafford,,,01-04-74,,E08000009,,358,00-BU,00BU,7000000000018780,E4209,
local-authority-eng,TOB,local-authority-eng:TOB,UA,Unitary authority,,Torbay Council,Torbay,Torbay UA,,20-06-05,,E06000027,,880,00-HH,00HH,7000000000038880,E1102,
local-authority-eng,THR,local-authority-eng:THR,UA,Unitary authority,,Thurrock Council,Thurrock,Thurrock UA,,20-06-05,,E06000034,,883,00-KG,00KG,7000000000038860,E1502,
local-authority-eng,TFW,local-authority-eng:TFW,UA,Unitary authority,,Telford & Wrekin Council,Telford and Wrekin,Telford and the Wrekin UA,Telford & Wrekin UA,20-06-05,,E06000020,,894,00-GF,00GF,7000000000038850,E3201,
local-authority-eng,TAM,local-authority-eng:TAM,MD,Metropolitan district,,Tameside Metropolitan Borough Council,Tameside,,,01-04-74,,E08000008,,357,00-BT,00BT,7000000000018700,E4208,
local-authority-eng,SWD,local-authority-eng:SWD,UA,Unitary authority,,Swindon Borough Council,Swindon,Swindon UA,,20-06-05,,E06000030,,866,00-HX,00HX,7000000000038140,E3901,
local-authority-eng,STY,local-authority-eng:STY,MD,Metropolitan district,,South Tyneside Council,South Tyneside,,,01-04-74,,E08000023,,393,00-CL,00CL,7000000000009680,E4504,
local-authority-eng,STT,local-authority-eng:STT,UA,Unitary authority,,Stockton-on-Tees Borough Council,Stockton-on-Tees,Stockton-On-Tees UA,Stockton On Tees UA,18-06-05,,E06000004,,808,00-EF,00EF,7000000000025580,E0704,
local-authority-eng,STH,local-authority-eng:STH,UA,Unitary authority,,Southampton City Council,Southampton,Southampton UA,,19-06-05,,E06000045,,852,00-MS,00MS,7000000000037250,E1702,
local-authority-eng,STE,local-authority-eng:STE,UA,Unitary authority,,Stoke-on-Trent City Council,Stoke-on-Trent,Stoke-On-Trent UA,,20-06-05,,E06000021,,861,00-GL,00GL,7000000000038400,E3401,
local-authority-eng,SOS,local-authority-eng:SOS,UA,Unitary authority,,Southend-on-Sea Borough Council,Southend-on-Sea,Southend-on-Sea UA,Southend UA,20-06-05,,E06000033,,882,00-KF,00KF,7000000000038900,E1501,
local-authority-eng,SOL,local-authority-eng:SOL,MD,Metropolitan district,,Solihull Metropolitan Borough Council,Solihull,,,27-05-05,,E08000029,,334,00-CT,00CT,7000000000000000,E4605,
local-authority-eng,SND,local-authority-eng:SND,MD,Metropolitan district,,Sunderland City Council,Sunderland,,,27-05-05,,E08000024,,394,00-CM,00CM,7000000000009730,E4505,
local-authority-eng,SLG,local-authority-eng:SLG,UA,Unitary authority,,Slough Borough Council,Slough,Slough UA,,01-04-98,,E06000039,,871,00-MD,00MD,7000000000038890,E0304,
local-authority-eng,SLF,local-authority-eng:SLF,MD,Metropolitan district,,Salford City Council,Salford,,,27-05-05,,E08000006,,355,00-BR,00BR,7000000000018800,E4206,
local-authority-eng,SKP,local-authority-eng:SKP,MD,Metropolitan district,,Stockport Metropolitan Borough Council,Stockport,,,27-05-05,,E08000007,,356,00-BS,00BS,7000000000018750,E4207,
local-authority-eng,SHR,local-authority-eng:SHR,UA,Unitary authority,,Shropshire Council,Shropshire,Shropshire UA,,01-04-09,,E06000051,,893,00-GG,00GG,7000000000043820,E3202,
local-authority-eng,SHN,local-authority-eng:SHN,MD,Metropolitan district,,St Helens Council,St. Helens,St Helens,,08-06-05,,E08000013,,342,00-BZ,00BZ,7000000000006000,E4303,
local-authority-eng,SHF,local-authority-eng:SHF,MD,Metropolitan district,,Sheffield City Council,Sheffield,,,08-06-05,,E08000019,,373,00-CG,00CG,7000000000009110,E4404,
local-authority-eng,SGC,local-authority-eng:SGC,UA,Unitary authority,,South Gloucestershire Council,South Gloucestershire,South Gloucestershire UA,,18-06-05,,E06000025,,803,00-HD,00HD,7000000000025550,E0103,
local-authority-eng,SFT,local-authority-eng:SFT,MD,Metropolitan district,,Sefton Metropolitan Borough Council,Sefton,,,08-06-05,,E08000014,,343,00-CA,00CA,7000000000005960,E4304,
local-authority-eng,SAW,local-authority-eng:SAW,MD,Metropolitan district,,Sandwell Metropolitan Borough Council,Sandwell,,,07-06-05,,E08000028,,333,00-CS,00CS,7000000000000080,E4604,
local-authority-eng,RUT,local-authority-eng:RUT,UA,Unitary authority,,Rutland County Council,Rutland,Rutland UA,,01-04-97,,E06000017,,857,00-FP,00FP,7000000000037520,E2402,
local-authority-eng,ROT,local-authority-eng:ROT,MD,Metropolitan district,,Rotherham Metropolitan Borough Council,Rotherham,,,27-05-05,,E08000018,,372,00-CF,00CF,7000000000009120,E4403,
local-authority-eng,RDG,local-authority-eng:RDG,UA,Unitary authority,,Reading Borough Council,Reading,Reading UA,,27-05-05,,E06000038,,870,00-MC,00MC,7000000000038890,E0303,
local-authority-eng,RCH,local-authority-eng:RCH,MD,Metropolitan district,,Rochdale Metropolitan Borough Council,Rochdale,,,27-05-05,,E08000005,,354,00-BQ,00BQ,7000000000018820,E4205,
local-authority-eng,RCC,local-authority-eng:RCC,UA,Unitary authority,,Redcar and Cleveland Borough Council,Redcar and Cleveland,Redcar & Cleveland UA,,01-04-96,,E06000003,,807,00-EE,00EE,7000000000025580,E0703,
local-authority-eng,PTE,local-authority-eng:PTE,UA,Unitary authority,,Peterborough City Council,Peterborough,Peterborough UA,,20-06-05,,E06000031,,874,00-JA,00JA,7000000000038880,E0501,
local-authority-eng,POR,local-authority-eng:POR,UA,Unitary authority,,Portsmouth City Council,Portsmouth,Portsmouth UA,,20-06-05,,E06000044,,851,00-MR,00MR,7000000000037250,E1701,
local-authority-eng,POL,local-authority-eng:POL,UA,Unitary authority,,Borough of Poole,Poole,Poole UA,,01-04-97,,E06000029,,836,00-HP,00HP,7000000000038330,E1201,
local-authority-eng,PLY,local-authority-eng:PLY,UA,Unitary authority,,Plymouth City Council,Plymouth,Plymouth UA,,01-04-98,,E06000026,,879,00-HG,00HG,7000000000038870,E1101,
local-authority-eng,OLD,local-authority-eng:OLD,MD,Metropolitan district,,Oldham Metropolitan Borough Council,Oldham,,,07-06-05,,E08000004,,353,00-BP,00BP,7000000000018690,E4204,
local-authority-eng,NTY,local-authority-eng:NTY,MD,Metropolitan district,,North Tyneside Council,North Tyneside,,,01-04-74,,E08000022,,392,00-CK,00CK,7000000000009690,E4503,
local-authority-eng,NSM,local-authority-eng:NSM,UA,Unitary authority,,North Somerset  Council,North Somerset,North Somerset UA,,01-04-96,,E06000024,,802,00-HC,00HC,7000000000025500,E0104,
local-authority-eng,NLN,local-authority-eng:NLN,UA,Unitary authority,,North Lincolnshire Council,North Lincolnshire,North Lincolnshire UA,,01-04-96,,E06000013,,813,00-FD,00FD,7000000000025620,E2004,
local-authority-eng,NGM,local-authority-eng:NGM,UA,Unitary authority,,Nottingham City Council,Nottingham,City of Nottingham UA,Nottingham UA,20-06-05,,E06000018,,892,00-FY,00FY,7000000000038850,E3001,
local-authority-eng,NET,local-authority-eng:NET,MD,Metropolitan district,,Newcastle City Council,Newcastle upon Tyne,,,01-04-74,,E08000021,,391,00-CJ,00CJ,7000000000009780,E4502,
local-authority-eng,NEL,local-authority-eng:NEL,UA,Unitary authority,,North East Lincolnshire Council,North East Lincolnshire,North East Lincolnshire UA,,01-04-96,,E06000012,,812,00-FC,00FC,7000000000025650,E2003,
local-authority-eng,NBL,local-authority-eng:NBL,UA,Unitary authority,,Northumberland County Council,Northumberland,Northumberland UA,,01-04-09,,E06000057,E06000048,929,,00EM,7000000000043670,E2901,
local-authority-eng,MIK,local-authority-eng:MIK,UA,Unitary authority,,Milton Keynes Council,Milton Keynes,Milton Keynes UA,,19-06-05,,E06000042,,826,00-MG,00MG,7000000000038410,E0401,
local-authority-eng,MDW,local-authority-eng:MDW,UA,Unitary authority,,Medway Council,Medway,The Medway Towns UA,Medway Towns UA,01-04-98,,E06000035,,887,00-LC,00LC,7000000000038900,E2201,
local-authority-eng,MDB,local-authority-eng:MDB,UA,Unitary authority,,Middlesbrough Borough Council,Middlesbrough,Middlesbrough UA,,18-06-05,,E06000002,,806,00-EC,00EC,7000000000025580,E0702,
local-authority-eng,MAN,local-authority-eng:MAN,MD,Metropolitan district,,Manchester City Council,Manchester,,,01-04-74,,E08000003,,352,00-BN,00BN,7000000000018820,E4203,
local-authority-eng,LUT,local-authority-eng:LUT,UA,Unitary authority,,Luton Borough Council,Luton,Luton UA,,19-06-05,,E06000032,,821,00-KA,00KA,7000000000037530,E0201,
local-authority-eng,LIV,local-authority-eng:LIV,MD,Metropolitan district,,Liverpool City Council,Liverpool,,,08-06-05,,E08000012,,341,00-BY,00BY,7000000000005970,E4302,
local-authority-eng,LDS,local-authority-eng:LDS,MD,Metropolitan district,,Leeds City Council,Leeds,,,08-06-05,,E08000035,,383,00-DA,00DA,7000000000016670,E4704,
local-authority-eng,LCE,local-authority-eng:LCE,UA,Unitary authority,,Leicester City Council,Leicester,Leicester City UA,Leicester UA,19-06-05,,E06000016,,856,00-FN,00FN,7000000000037530,E2401,
local-authority-eng,KWL,local-authority-eng:KWL,MD,Metropolitan district,,Knowsley Metropolitan Borough Council,Knowsley,,,01-04-74,,E08000011,,340,00-BX,00BX,7000000000044500,E4301,
local-authority-eng,KIR,local-authority-eng:KIR,MD,Metropolitan district,,Kirklees Council,Kirklees,,,01-04-74,,E08000034,,382,00-CZ,00CZ,7000000000016660,E4703,
local-authority-eng,KHL,local-authority-eng:KHL,UA,Unitary authority,,Hull City Council,Kingston upon Hull,"Kingston upon Hull, City of",Kingston Upon Hull UA,01-04-96,,E06000010,,810,00-FA,00FA,7000000000025630,E2002,
local-authority-eng,IOW,local-authority-eng:IOW,UA,Unitary authority,,Isle of Wight Council,Isle of Wight,Isle Of Wight UA,,17-06-05,,E06000046,,921,00-MW,00MW,7000000000025460,E2101,
local-authority-eng,IOS,local-authority-eng:IOS,UA,Unitary authority,,Council of the Isles of Scilly,Isles of Scilly,,,01-04-74,,E06000053,,420,00-HF,00HF,7000000000043970,E4001,
local-authority-eng,HPL,local-authority-eng:HPL,UA,Unitary authority,,Hartlepool Borough Council,Hartlepool,Hartlepool UA,,18-06-05,,E06000001,,805,00-EB,00EB,7000000000025580,E0701,
local-authority-eng,HEF,local-authority-eng:HEF,UA,Unitary authority,,Herefordshire Council,Herefordshire,Herefordshire UA,,01-04-98,,E06000019,,884,00-GA,00GA,7000000000038900,E1801,
local-authority-eng,HAL,local-authority-eng:HAL,UA,Unitary authority,,Halton Borough Council,Halton,Halton UA,,01-04-98,,E06000006,,876,00-ET,00ET,7000000000038840,E0601,
local-authority-eng,GAT,local-authority-eng:GAT,MD,Metropolitan district,,Gateshead Metropolitan Borough Council,Gateshead,,,01-04-74,,E08000037,E08000020,390,,00CH,7000000000009710,E4501,
local-authority-eng,ERY,local-authority-eng:ERY,UA,Unitary authority,,East Riding of Yorkshire Council,East Riding of Yorkshire,East Riding Of Yorkshire UA,,01-04-96,,E06000011,,811,00-FB,00FB,7000000000025630,E2001,
local-authority-eng,DUR,local-authority-eng:DUR,UA,Unitary authority,,Durham County Council,County Durham,Durham,Durham UA,01-04-09,,E06000047,,840,00-EJ,00EJ,7000000000043600,E1302,
local-authority-eng,DUD,local-authority-eng:DUD,MD,Metropolitan district,,Dudley Metropolitan Borough Council,Dudley,,,01-04-74,,E08000027,,332,00-CR,00CR,7000000000000100,E4603,
local-authority-eng,DNC,local-authority-eng:DNC,MD,Metropolitan district,,Doncaster Metropolitan Borough Council,Doncaster,,,01-04-74,,E08000017,,371,00-CE,00CE,7000000000009080,E4402,
local-authority-eng,DAL,local-authority-eng:DAL,UA,Unitary authority,,Darlington Borough Council,Darlington,Darlington UA,,01-04-97,,E06000005,,841,00-EH,00EH,7000000000038400,E1301,
local-authority-eng,COV,local-authority-eng:COV,MD,Metropolitan district,,Coventry City Council,Coventry,,,01-04-74,,E08000026,,331,00-CQ,00CQ,7000000000000030,E4602,
local-authority-eng,CON,local-authority-eng:CON,UA,Unitary authority,,Cornwall Council,Cornwall,Cornwall UA,,01-04-09,,E06000052,,908,00-HE,00HE,7000000000043750,E0801,
local-authority-eng,CLD,local-authority-eng:CLD,MD,Metropolitan district,,Calderdale Metropolitan Borough Council,Calderdale,,,01-04-74,,E08000033,,381,00-CY,00CY,7000000000016710,E4702,
local-authority-eng,CHW,local-authority-eng:CHW,UA,Unitary authority,,Cheshire West and Chester Council,Cheshire West and Chester,Cheshire West And Chester UA,,01-04-09,,E06000050,,896,00-EW,00EW,7000000000043550,E0604,
local-authority-eng,CHE,local-authority-eng:CHE,UA,Unitary authority,,Cheshire East Council,Cheshire East,Cheshire East UA,,01-04-09,,E06000049,,895,00-EQ,00EQ,7000000000043550,E0603,
local-authority-eng,CBF,local-authority-eng:CBF,UA,Unitary authority,,Central Bedfordshire Council,Central Bedfordshire,Central Bedfordshire UA,,01-04-09,,E06000056,,823,00-KC,00KC,7000000000043870,E0203,
local-authority-eng,BUR,local-authority-eng:BUR,MD,Metropolitan district,,Bury Metropolitan Borough Council,Bury,,,01-04-74,,E08000002,,351,00-BM,00BM,7000000000018840,E4202,
local-authority-eng,BST,local-authority-eng:BST,UA,Unitary authority,,Bristol City Council,City of Bristol,"Bristol, City of",Bristol UA,18-06-05,,E06000023,,801,00-HB,00HB,7000000000025520,E0102,
local-authority-eng,BRD,local-authority-eng:BRD,MD,Metropolitan district,,City of Bradford Metropolitan District Council,Bradford,,,01-04-74,,E08000032,,380,00-CX,00CX,7000000000016720,E4701,
local-authority-eng,BRC,local-authority-eng:BRC,UA,Unitary authority,,Bracknell Forest Council,Bracknell Forest,Bracknell Forest UA,,01-04-98,,E06000036,,867,00-MA,00MA,7000000000038890,E0301,
local-authority-eng,BPL,local-authority-eng:BPL,UA,Unitary authority,,Blackpool Borough Council,Blackpool,Blackpool UA,,20-06-05,,E06000009,,890,00-EY,00EY,7000000000038860,E2302,
local-authority-eng,BOL,local-authority-eng:BOL,MD,Metropolitan district,,Bolton Metropolitan Borough Council,Bolton,,,01-04-74,,E08000001,,350,00-BL,00BL,7000000000018830,E4201,
local-authority-eng,BNS,local-authority-eng:BNS,MD,Metropolitan district,,Barnsley Metropolitan Borough Council,Barnsley,,,01-04-74,,E08000016,,370,00-CC,00CC,7000000000009180,E4401,
local-authority-eng,BNH,local-authority-eng:BNH,UA,Unitary authority,,Brighton and Hove City Council,Brighton and Hove,Brighton & Hove UA,,19-06-05,,E06000043,,846,00-ML,00ML,7000000000036740,E1401,
local-authority-eng,BMH,local-authority-eng:BMH,UA,Unitary authority,,Bournemouth Borough Council,Bournemouth,Bournemouth UA,,19-06-05,,E06000028,,837,00-HN,00HN,7000000000038340,E1202,
local-authority-eng,BIR,local-authority-eng:BIR,MD,Metropolitan district,,Birmingham City Council,Birmingham,,,01-07-96,,E08000025,,330,00-CN,00CN,7000000000000010,E4601,
local-authority-eng,BDF,local-authority-eng:BDF,UA,Unitary authority,,Bedford Borough Council,Bedford,Bedford UA,,01-04-09,,E06000055,,822,00-KB,00KB,7000000000043870,E0202,
local-authority-eng,BBD,local-authority-eng:BBD,UA,Unitary authority,,Blackburn with Darwen Borough Council,Blackburn with Darwen,Blackburn With Darwen UA,,01-04-98,,E06000008,,889,00-EX,00EX,7000000000038840,E2301,
local-authority-eng,BAS,local-authority-eng:BAS,UA,Unitary authority,,Bath and North East Somerset Council,Bath and North East Somerset,Bath & North East Somerset UA,,01-04-96,,E06000022,,800,00-HA,00HA,7000000000025550,E0101,
local-authority-sct,ABD,local-authority-sct:ABD,,,,Aberdeenshire Council,Aberdeenshire,,,18-06-05,,S12000034,,,00-QB,00QB,7000000000030110,,
local-authority-sct,ABE,local-authority-sct:ABE,,,,Aberdeen City Council,Aberdeen City,,,18-06-05,,S12000033,,,00-QA,00QA,7000000000030420,,
local-authority-sct,AGB,local-authority-sct:AGB,,,,Argyll and Bute Council,Argyll and Bute,,,18-06-05,,S12000035,,,00-QD,00QD,7000000000030100,,
local-authority-sct,ANS,local-authority-sct:ANS,,,,Angus Council,Angus,,,18-06-05,,S12000041,,,00-QC,00QC,7000000000030210,,
local-authority-sct,CLK,local-authority-sct:CLK,,,,Clackmannanshire Council,Clackmannanshire,,,18-06-05,,S12000005,,,00-QF,00QF,7000000000030410,,
local-authority-sct,DGY,local-authority-sct:DGY,,,,Dumfries and Galloway Council,Dumfries and Galloway,Dumfries & Galloway Council,,18-06-05,,S12000006,,,00-QH,00QH,7000000000031900,,
local-authority-sct,DND,local-authority-sct:DND,,,,Dundee City Council,Dundee City,,,18-06-05,,S12000042,,,00-QJ,00QJ,7000000000030210,,
local-authority-sct,EAY,local-authority-sct:EAY,,,,East Ayrshire Council,East Ayrshire,,,18-06-05,,S12000008,,,00-QK,00QK,7000000000043390,,
local-authority-sct,EDH,local-authority-sct:EDH,,,,City of Edinburgh Council,City of Edinburgh,,,18-06-05,,S12000036,,,00-QP,00QP,7000000000030500,,
local-authority-sct,EDU,local-authority-sct:EDU,,,,East Dunbartonshire Council,East Dunbartonshire,,,18-06-05,,S12000045,S12000009,,00-QL,00QL,7000000000030500,,
local-authority-sct,ELN,local-authority-sct:ELN,,,,East Lothian Council,East Lothian,,,18-06-05,,S12000010,,,00-QM,00QM,7000000000030500,,
local-authority-sct,ELS,local-authority-sct:ELS,,,,Comhairle nan Eilean Siar,Eilean Siar,Western Isles Council,Na h-Eileanan Siar,18-06-05,,S12000013,,,00-RJ,00RJ,7000000000030020,,
local-authority-sct,ERW,local-authority-sct:ERW,,,,East Renfrewshire Council,East Renfrewshire,,,18-06-05,,S12000011,,,00-QN,00QN,7000000000030840,,
local-authority-sct,FAL,local-authority-sct:FAL,,,,Falkirk Council,Falkirk,,,18-06-05,,S12000014,,,00-QQ,00QQ,7000000000030500,,
local-authority-sct,FIF,local-authority-sct:FIF,,,,Fife Council,Fife,,,18-06-05,,S12000015,,,00-QR,00QR,7000000000030410,,
local-authority-sct,GLG,local-authority-sct:GLG,,,,Glasgow City Council,Glasgow City,,,18-06-05,,S12000046,S12000043,,00-QS,00QS,7000000000030630,,
local-authority-sct,HLD,local-authority-sct:HLD,,,,The Highland Council,Highland,Highland Council,,18-06-05,,S12000017,,,00-QT,00QT,7000000000029630,,
local-authority-sct,IVC,local-authority-sct:IVC,,,,Inverclyde Council,Inverclyde,,,18-06-05,,S12000018,,,00-QU,00QU,7000000000030620,,
local-authority-sct,MLN,local-authority-sct:MLN,,,,Midlothian Council,Midlothian,,,18-06-05,,S12000019,,,00-QW,00QW,7000000000030630,,
local-authority-sct,MRY,local-authority-sct:MRY,,,,The Moray Council,Moray,Moray Council,,18-06-05,,S12000020,,,00-QX,00QX,7000000000029950,,
local-authority-sct,NAY,local-authority-sct:NAY,,,,North Ayrshire Council,North Ayrshire,,,18-06-05,,S12000021,,,00-QY,00QY,7000000000030620,,
local-authority-sct,NLK,local-authority-sct:NLK,,,,North Lanarkshire Council,North Lanarkshire,,,18-06-05,,S12000044,,,00-QZ,00QZ,7000000000030500,,
local-authority-sct,ORK,local-authority-sct:ORK,,,,Orkney Islands Council,Orkney Islands,,,18-06-05,,S12000023,,,00-RA,00RA,7000000000029960,,
local-authority-sct,PKN,local-authority-sct:PKN,,,,Perth and Kinross Council,Perth and Kinross,,,18-06-05,,S12000024,,,00-RB,00RB,7000000000030110,,
local-authority-sct,RFW,local-authority-sct:RFW,,,,Renfrewshire Council,Renfrewshire,,,18-06-05,,S12000038,,,00-RC,00RC,7000000000030630,,
local-authority-sct,SAY,local-authority-sct:SAY,,,,South Ayrshire Council,South Ayrshire,,,18-06-05,,S12000028,,,00-RE,00RE,7000000000043390,,
local-authority-sct,SCB,local-authority-sct:SCB,,,,Scottish Borders Council,The Scottish Borders,,,18-06-05,,S12000026,,,00-QE,00QE,7000000000036550,,
local-authority-sct,SLK,local-authority-sct:SLK,,,,South Lanarkshire Council,South Lanarkshire,,,18-06-05,,S12000029,,,00-RF,00RF,7000000000030840,,
local-authority-sct,STG,local-authority-sct:STG,,,,Stirling Council,Stirling,,,18-06-05,,S12000030,,,00-RG,00RG,7000000000030500,,
local-authority-sct,WDU,local-authority-sct:WDU,,,,West Dunbartonshire Council,West Dunbartonshire,,,18-06-05,,S12000039,,,00-QG,00QG,7000000000036540,,
local-authority-sct,WLN,local-authority-sct:WLN,,,,West Lothian Council,West Lothian,,,18-06-05,,S12000040,,,00-RH,00RH,7000000000030630,,
local-authority-sct,ZET,local-authority-sct:ZET,,,,Shetland Islands Council,Shetland Islands,,,18-06-05,,S12000027,,,00-RD,00RD,7000000000030510,,
local-authority-wls,AGY,local-authority-wls:AGY,,,,Isle of Anglesey County Council,Isle of Anglesey,Sir Ynys Mn,,01-04-96,,W06000001,,,00-NA,00NA,7000000000025480,,
local-authority-wls,BGE,local-authority-wls:BGE,,,,Bridgend County Borough Council,Bridgend,Pen-y-bont ar Ogwr,,01-04-96,,W06000013,,,00-PB,00PB,7000000000025490,,
local-authority-wls,BGW,local-authority-wls:BGW,,,,Blaenau Gwent County Borough Council,Blaenau Gwent,Blaenau Gwent,,01-04-96,,W06000019,,,00-PL,00PL,7000000000025490,,
local-authority-wls,CAY,local-authority-wls:CAY,,,,Caerphilly County Borough Council,Caerphilly,Caerffili,,01-04-96,,W06000018,,,00-PK,00PK,7000000000025490,,
local-authority-wls,CGN,local-authority-wls:CGN,,,,Ceredigion County Council,Ceredigion,Ceredigion,,01-04-96,,W06000008,,,00-NQ,00NQ,7000000000025480,,
local-authority-wls,CMN,local-authority-wls:CMN,,,,Carmarthenshire County Council,Carmarthenshire,Sir Gaerfyrddin,,01-04-96,,W06000010,,,00-NU,00NU,7000000000025480,,
local-authority-wls,CRF,local-authority-wls:CRF,,,,City of Cardiff Council,Cardiff,Caerdydd,The City of Cardiff Council,01-04-96,,W06000015,,,00-PT,00PT,7000000000025480,,
local-authority-wls,CWY,local-authority-wls:CWY,,,,Conwy County Borough Council,Conwy,Conwy,,01-04-96,,W06000003,,,00-NE,00NE,7000000000025490,,
local-authority-wls,DEN,local-authority-wls:DEN,,,,Denbighshire County Council,Denbighshire,Sir Ddinbych,,01-04-96,,W06000004,,,00-NG,00NG,7000000000025480,,
local-authority-wls,FLN,local-authority-wls:FLN,,,,Flintshire County Council,Flintshire,Sir y Fflint,,01-04-96,,W06000005,,,00-NJ,00NJ,7000000000025770,,
local-authority-wls,GWN,local-authority-wls:GWN,,,,Gwynedd Council,Gwynedd,Gwynedd,,01-04-96,,W06000002,,,00-NC,00NC,7000000000025480,,
local-authority-wls,MON,local-authority-wls:MON,,,,Monmouthshire County Council,Monmouthshire,Sir Fynwy,,01-04-96,,W06000021,,,00-PP,00PP,7000000000025480,,
local-authority-wls,MTY,local-authority-wls:MTY,,,,Merthyr Tydfil County Borough Council,Merthyr Tydfil,Merthyr Tudful,,01-04-96,,W06000024,,,00-PH,00PH,7000000000025490,,
local-authority-wls,NTL,local-authority-wls:NTL,,,,Neath Port Talbot County Borough Council,Neath Port Talbot,Castell-nedd Port Talbot,,01-04-96,,W06000012,,,00-NZ,00NZ,7000000000025490,,
local-authority-wls,NWP,local-authority-wls:NWP,,,,Newport City Council,Newport,Casnewydd,,01-04-96,,W06000022,,,00-PR,00PR,7000000000044420,,
local-authority-wls,PEM,local-authority-wls:PEM,,,,Pembrokeshire County Council,Pembrokeshire,Sir Benfro,,01-04-96,,W06000009,,,00-NS,00NS,7000000000025490,,
local-authority-wls,POW,local-authority-wls:POW,,,,Powys County Council,Powys,Powys,,01-04-96,,W06000023,,,00-NN,00NN,7000000000025490,,
local-authority-wls,RCT,local-authority-wls:RCT,,,,Rhondda Cynon Taf County Borough Council,Rhondda Cynon Taff,,,01-04-96,,W06000016,,,00-PF,00PF,7000000000025500,,
local-authority-wls,SWA,local-authority-wls:SWA,,,,City and County of Swansea Council,Swansea,Abertawe,Cityand County of Swansea,01-04-96,,W06000011,,,00-NX,00NX,7000000000025490,,
local-authority-wls,TOF,local-authority-wls:TOF,,,,Torfaen County Borough Council,Torfaen,Tor-faen,,01-04-96,,W06000020,,,00-PM,00PM,7000000000044420,,
local-authority-wls,VGL,local-authority-wls:VGL,,,,Vale of Glamorgan Council,The Vale of Glamorgan,Bro Morgannwg,,01-04-96,,W06000014,,,00-PD,00PD,7000000000025500,,
local-authority-wls,WRX,local-authority-wls:WRX,,,,Wrexham County Borough Council,Wrexham,Wrecsam,,01-04-96,,W06000006,,,00-NL,00NL,7000000000025830,,
local-authority-nir,ABC,local-authority-nir:ABC,,,,"Armagh City, Banbridge and Craigavon Borough Council","Armagh City, Banbridge and Craigavon",,,01-04-15,,N09000002,,,95-OQN,,,,
local-authority-nir,AND,local-authority-nir:AND,,,,Ards and North Down Borough Council,Ards and North Down,,,01-04-15,,N09000011,,,95-WX,,,,
local-authority-nir,ANN,local-authority-nir:ANN,,,,Antrim and Newtownabbey Borough Council,Antrim and Newtownabbey,,,01-04-15,,N09000001,,,95-TU,,,,
local-authority-nir,BFS,local-authority-nir:BFS,,,,Belfast City Council,Belfast,,,01-04-15,,N09000003,,,95-Z,95Z,,,
local-authority-nir,CCG,local-authority-nir:CCG,,,,Causeway Coast and Glens Borough Council,Causeway Coast and Glens,,,01-04-15,,N09000004,,,95-BCDE,,,,
local-authority-nir,DRS,local-authority-nir:DRS,,,,Derry City and Strabane District Council,Derry City and Strabane,,,01-04-15,,N09000005,,,95-AJ,,,,
local-authority-nir,FMO,local-authority-nir:FMO,,,,Fermanagh and Omagh District Council,Fermanagh and Omagh,,,01-04-15,,N09000006,,,95-LK,,,,
local-authority-nir,LBC,local-authority-nir:LBC,,,,Lisburn and Castlereagh City Council,Lisburn and Castlereagh,,,01-04-15,,N09000007,,,95-SY,,,,
local-authority-nir,MEA,local-authority-nir:MEA,,,,Mid and East Antrim Borough Council,Mid and East Antrim,,,01-04-15,,N09000008,,,95-FGV,,,,
local-authority-nir,MUL,local-authority-nir:MUL,,,,Mid Ulster District Council,Mid Ulster,Mid-Ulster District Council,,01-04-15,,N09000009,,,95-HIM,,,,
local-authority-nir,NMD,local-authority-nir:NMD,,,,"Newry, Mourne and Down District Council","Newry, Mourne and Down ",,,01-04-15,,N09000010,,,95-PR,,,,
local-authority-nir,NIR-A,local-authority-nir:NIR-A,,,,Derry City Council,Derry,,,,31-03-15,,,,,95A,,,
local-authority-nir,NIR-B,local-authority-nir:NIR-B,,,,Limavady Borough Council,Limavady,,,,31-03-15,,,,,95B,,,
local-authority-nir,NIR-C,local-authority-nir:NIR-C,,,,Coleraine Borough Council,Coleraine,,,,31-03-15,,,,,95C,,,
local-authority-nir,NIR-D,local-authority-nir:NIR-D,,,,Ballymoney Borough Council,Ballymoney,,,,31-03-15,,,,,95D,,,
local-authority-nir,NIR-E,local-authority-nir:NIR-E,,,,Moyle District Council,Moyle,,,,31-03-15,,,,,95E,,,
local-authority-nir,NIR-F,local-authority-nir:NIR-F,,,,Larne Borough Council,Larne,,,,31-03-15,,,,,95F,,,
local-authority-nir,NIR-G,local-authority-nir:NIR-G,,,,Ballymena Borough Council,Ballymena,,,,31-03-15,,,,,95G,,,
local-authority-nir,NIR-H,local-authority-nir:NIR-H,,,,Magherafelt District Council,Magherafelt,,,,31-03-15,,,,,95H,,,
local-authority-nir,NIR-I,local-authority-nir:NIR-I,,,,Cookstown District Council,Cookstown,,,,31-03-15,,,,,95I,,,
local-authority-nir,NIR-J,local-authority-nir:NIR-J,,,,Strabane District Council,Strabane,,,,31-03-15,,,,,95J,,,
local-authority-nir,NIR-K,local-authority-nir:NIR-K,,,,Omagh District Council,Omagh,,,,31-03-15,,,,,95K,,,
local-authority-nir,NIR-L,local-authority-nir:NIR-L,,,,Fermanagh District Council,Fermanagh,,,,31-03-15,,,,,95L,,,
local-authority-nir,NIR-M,local-authority-nir:NIR-M,,,,Dungannon and South Tyrone Borough Council,Dungannon and South Tyrone,,,,31-03-15,,,,,95M,,,
local-authority-nir,NIR-N,local-authority-nir:NIR-N,,,,Craigavon Borough Council,Craigavon,,,,31-03-15,,,,,95N,,,
local-authority-nir,NIR-O,local-authority-nir:NIR-O,,,,Armagh City and District Council,Armagh City,,,,31-03-15,,,,,95O,,,
local-authority-nir,NIR-P,local-authority-nir:NIR-P,,,,Newry and Mourne District Council,Newry and Mourne,,,,31-03-15,,,,,95P,,,
local-authority-nir,NIR-Q,local-authority-nir:NIR-Q,,,,Banbridge District Council,Banbridge,,,,31-03-15,,,,,95Q,,,
local-authority-nir,NIR-R,local-authority-nir:NIR-R,,,,Down District Council,Down,,,,31-03-15,,,,,95R,,,
local-authority-nir,NIR-S,local-authority-nir:NIR-S,,,,Lisburn City Council,Lisburn,,,,31-03-15,,,,,95S,,,
local-authority-nir,NIR-T,local-authority-nir:NIR-T,,,,Antrim Borough Council,Antrim,,,,31-03-15,,,,,95T,,,
local-authority-nir,NIR-U,local-authority-nir:NIR-U,,,,Newtownabbey Borough Council,Newtownabbey,,,,31-03-15,,,,,95U,,,
local-authority-nir,NIR-V,local-authority-nir:NIR-V,,,,Carrickfergus Borough Council,Carrickfergus,,,,31-03-15,,,,,95V,,,
local-authority-nir,NIR-W,local-authority-nir:NIR-W,,,,North Down Borough Council,North Down,,,,31-03-15,,,,,95W,,,
local-authority-nir,NIR-X,local-authority-nir:NIR-X,,,,Ards Borough Council,Ards,,,,31-03-15,,,,,95X,,,
local-authority-nir,NIR-Y,local-authority-nir:NIR-Y,,,,Castlereagh Borough Council,Castlereagh,,,,31-03-15,,,,,95Y,,,
